seed,scenario,strategy,jobs,success_rate,stranded,duplicate_generations,total_cost,cost_per_1k_success,retry_amplification,p50_completion_s,p95_completion_s,p99_completion_s,window_jobs,window_success_rate,window_p50_completion_s,window_p95_completion_s,window_p99_completion_s
1,baseline,naive_retry,513,1.0,0,0,544.5999999999997,1061.5984405458082,1.0526315789473684,74.937295598638,182.080787967248,272.9041987934047,,,,,
2,baseline,naive_retry,540,1.0,0,0,571.1999999999997,1057.7777777777774,1.048148148148148,79.40747309869266,186.53895478108734,246.76009239712516,,,,,
3,baseline,naive_retry,526,1.0,0,3,552.5999999999997,1050.5703422053225,1.038022813688213,76.70495863880222,168.61534802983078,257.7377536291733,,,,,
4,baseline,naive_retry,549,1.0,0,1,569.9999999999998,1038.251366120218,1.0364298724954462,76.24187770059461,196.60845288137762,290.05611689796024,,,,,
5,baseline,naive_retry,522,1.0,0,1,547.7999999999997,1049.4252873563212,1.0421455938697317,77.04817817739013,190.1543096023372,270.8519083061951,,,,,
6,baseline,naive_retry,563,1.0,0,1,602.9999999999995,1071.0479573712248,1.058614564831261,80.15666173078387,199.0380909599594,248.38354817895743,,,,,
7,baseline,naive_retry,540,1.0,0,5,571.3999999999996,1058.1481481481474,1.05,76.3517778168218,200.8068103388564,320.37225000299395,,,,,
8,baseline,naive_retry,545,1.0,0,1,577.3999999999999,1059.4495412844035,1.0495412844036698,77.37184649922668,186.65563195808886,262.95173053247527,,,,,
9,baseline,naive_retry,595,1.0,0,1,635.7999999999995,1068.5714285714278,1.053781512605042,82.65063163720743,183.5943725786169,247.01944518866736,,,,,
10,baseline,naive_retry,518,1.0,0,2,553.7999999999997,1069.1119691119686,1.057915057915058,77.95661515454003,191.3413567414873,280.21895885496565,,,,,
11,baseline,naive_retry,542,1.0,0,4,576.7999999999997,1064.2066420664203,1.0535055350553506,74.2473604731066,183.30235915942126,255.3782293946283,,,,,
12,baseline,naive_retry,501,1.0,0,2,529.9999999999998,1057.8842315369257,1.0499001996007984,78.04667912498599,195.21273710592595,272.4216196059316,,,,,
13,baseline,naive_retry,540,1.0,0,1,556.1999999999999,1029.9999999999998,1.0333333333333334,79.2198801484229,187.7207339910624,246.55608335191982,,,,,
14,baseline,naive_retry,548,1.0,0,1,570.7999999999998,1041.6058394160582,1.0401459854014599,80.62320510745872,198.54845676261584,263.0645639001168,,,,,
15,baseline,naive_retry,574,1.0,0,3,605.1999999999996,1054.3554006968634,1.048780487804878,78.71659169723364,186.75481433438085,297.06505102091205,,,,,
16,baseline,naive_retry,558,1.0,0,1,591.3999999999996,1059.8566308243721,1.0483870967741935,76.31991378733778,180.9366885906984,298.6351149159259,,,,,
17,baseline,naive_retry,504,1.0,0,2,533.9999999999998,1059.5238095238092,1.0496031746031746,75.6488699895931,187.33243716956895,281.67972280227605,,,,,
18,baseline,naive_retry,520,1.0,0,2,556.3999999999997,1069.9999999999995,1.0538461538461539,79.69453122478808,200.97042794192885,271.7327509881868,,,,,
19,baseline,naive_retry,512,1.0,0,3,535.7999999999998,1046.4843749999998,1.048828125,79.54907182612351,170.4280902826489,278.8499285980042,,,,,
20,baseline,naive_retry,521,1.0,0,1,548.1999999999997,1052.2072936660263,1.038387715930902,76.71489042161022,186.685085780524,276.4221073259855,,,,,
21,baseline,naive_retry,544,1.0,0,1,571.5999999999998,1050.7352941176466,1.0441176470588236,75.51059524221819,191.42888058786696,270.61895713593776,,,,,
22,baseline,naive_retry,557,1.0,0,1,581.3999999999997,1043.8061041292635,1.03770197486535,76.34468076705213,189.0031909148073,253.2094764871493,,,,,
23,baseline,naive_retry,534,1.0,0,1,557.1999999999998,1043.445692883895,1.0355805243445693,76.35574421188232,193.96315742147453,242.69846420287638,,,,,
24,baseline,naive_retry,568,1.0,0,1,599.3999999999996,1055.2816901408444,1.0475352112676057,77.57754386559054,186.2303361711588,275.97979719150044,,,,,
25,baseline,naive_retry,535,1.0,0,3,573.9999999999997,1072.8971962616815,1.0598130841121496,79.68163416586137,192.26574589783195,280.1041765480918,,,,,
26,baseline,naive_retry,502,1.0,0,2,524.3999999999999,1044.6215139442227,1.0418326693227091,76.61849685596144,171.1618576060993,241.412563463102,,,,,
27,baseline,naive_retry,542,1.0,0,1,562.1999999999998,1037.2693726937266,1.033210332103321,78.02652259310912,175.42173038443957,239.5329596720121,,,,,
28,baseline,naive_retry,524,1.0,0,3,550.7999999999997,1051.1450381679383,1.0419847328244274,77.42516665977323,186.47952530517085,316.865956749878,,,,,
29,baseline,naive_retry,535,1.0,0,1,559.9999999999999,1046.7289719626167,1.0411214953271029,75.08688881662465,199.449697388226,262.1638515913937,,,,,
30,baseline,naive_retry,512,1.0,0,1,546.3999999999997,1067.1874999999995,1.0546875,76.34051422323523,190.92074592314248,275.1358938889798,,,,,
1,baseline,sync_gateway,513,0.9629629629629629,0,0,515.8,1044.1295546558704,1.01364522417154,72.52159361181316,164.95147218687498,235.36545179815676,,,,,
2,baseline,sync_gateway,540,0.9574074074074074,0,0,541.5999999999999,1047.5822050290133,1.0074074074074073,77.52772356835237,171.46890434603233,230.2058808637753,,,,,
3,baseline,sync_gateway,526,0.9562737642585551,0,0,527.2,1048.1113320079526,1.005703422053232,75.91536057207486,170.5164427949535,234.20486118775034,,,,,
4,baseline,sync_gateway,549,0.9672131147540983,0,0,550.1999999999999,1036.1581920903952,1.005464480874317,77.1347841084339,164.79789071424557,198.78329973716632,,,,,
5,baseline,sync_gateway,522,0.9712643678160919,0,0,523.5999999999999,1032.7416173570018,1.0076628352490422,75.83003874578208,178.47901184223485,233.93038349537755,,,,,
6,baseline,sync_gateway,563,0.9644760213143873,0,0,565.7999999999998,1041.9889502762428,1.0124333925399644,78.06471083654151,170.46241383019765,219.59157502476046,,,,,
7,baseline,sync_gateway,540,0.9796296296296296,0,0,541.5999999999999,1023.8185255198487,1.0074074074074073,77.35307645907778,175.50379201687156,259.90681554698403,,,,,
8,baseline,sync_gateway,545,0.9651376146788991,0,0,547.8,1041.444866920152,1.0128440366972478,75.8310990433335,158.16942216378902,227.49950406043496,,,,,
9,baseline,sync_gateway,595,0.973109243697479,0,0,595.4,1028.3246977547496,1.0016806722689076,74.33444635400792,166.44399321486844,241.84148792707697,,,,,
10,baseline,sync_gateway,518,0.9613899613899614,0,0,519.9999999999999,1044.1767068273089,1.0096525096525097,74.95711953016962,167.742373792104,241.21556885369387,,,,,
11,baseline,sync_gateway,542,0.977859778597786,0,0,544.0,1026.4150943396226,1.0092250922509225,73.95998709692958,166.3542634757573,255.3782293946283,,,,,
12,baseline,sync_gateway,501,0.9620758483033932,0,0,502.59999999999997,1042.738589211618,1.0079840319361277,79.79411394134377,181.1119939811574,265.91983821066015,,,,,
13,baseline,sync_gateway,540,0.9814814814814815,0,0,543.5999999999999,1025.6603773584905,1.0166666666666666,78.66981837360095,179.0462026288434,235.05877931866166,,,,,
14,baseline,sync_gateway,548,0.9726277372262774,0,0,551.1999999999999,1034.1463414634145,1.0145985401459854,78.77576111202143,178.55226864124973,264.16909667640425,,,,,
15,baseline,sync_gateway,574,0.9703832752613241,0,0,574.8,1031.9569120287254,1.0034843205574913,78.9998874556868,173.664316631862,231.894407490111,,,,,
16,baseline,sync_gateway,558,0.974910394265233,0,0,558.4,1026.470588235294,1.0017921146953406,74.8341920209973,160.89453276752488,229.55018836171178,,,,,
17,baseline,sync_gateway,504,0.9702380952380952,0,0,505.2,1033.1288343558283,1.005952380952381,78.63368744974787,181.0918361654551,269.09395526330354,,,,,
18,baseline,sync_gateway,520,0.9807692307692307,0,0,521.6,1022.7450980392157,1.0076923076923077,76.00348976388523,181.59199341034082,262.8448765988419,,,,,
19,baseline,sync_gateway,512,0.95703125,0,0,515.8,1052.6530612244896,1.017578125,78.37850864240761,165.5654136984749,221.63643535167057,,,,,
20,baseline,sync_gateway,521,0.9577735124760077,0,0,522.9999999999999,1048.0961923847694,1.0095969289827256,75.32638455250174,167.78850934062893,240.57284106650908,,,,,
21,baseline,sync_gateway,544,0.9577205882352942,0,0,545.6,1047.2168905950098,1.0073529411764706,74.44856690998176,169.87035541352293,220.5837865110425,,,,,
22,baseline,sync_gateway,557,0.9640933572710951,0,0,558.1999999999999,1039.4785847299813,1.0053859964093357,78.17712112564914,167.95736585138246,263.9010159836812,,,,,
23,baseline,sync_gateway,534,0.9625468164794008,0,0,534.4,1039.6887159533073,1.0018726591760299,73.425858225262,164.136642361334,242.69846420287638,,,,,
24,baseline,sync_gateway,568,0.9665492957746479,0,0,571.4,1040.8014571948997,1.0140845070422535,74.68251868714196,162.083944878088,226.45777094493928,,,,,
25,baseline,sync_gateway,535,0.9775700934579439,0,0,538.5999999999999,1029.8279158699809,1.016822429906542,78.90616214527427,179.18281840017346,238.73673181988806,,,,,
26,baseline,sync_gateway,502,0.9561752988047809,0,0,505.19999999999993,1052.4999999999998,1.0159362549800797,75.33196658625593,172.0646151650742,236.50971723409089,,,,,
27,baseline,sync_gateway,542,0.959409594095941,0,0,543.8,1045.7692307692307,1.007380073800738,74.59022219054714,168.03436092081543,243.3633947993726,,,,,
28,baseline,sync_gateway,524,0.9866412213740458,0,0,525.5999999999999,1016.6344294003866,1.0076335877862594,74.42235849701046,170.47325711529993,241.81219232725562,,,,,
29,baseline,sync_gateway,535,0.9626168224299065,0,0,536.5999999999999,1041.9417475728155,1.0074766355140188,74.15467450653559,171.9053105958128,243.60686344470923,,,,,
30,baseline,sync_gateway,512,0.96484375,0,0,514.8,1042.1052631578946,1.013671875,75.81924348392374,172.11426880348108,284.7166507808727,,,,,
1,baseline,durable_workflow,513,1.0,0,0,544.5999999999997,1061.5984405458082,1.0526315789473684,74.937295598638,182.080787967248,272.9041987934047,,,,,
2,baseline,durable_workflow,540,1.0,0,0,571.1999999999997,1057.7777777777774,1.048148148148148,79.40747309869266,186.53895478108734,246.76009239712516,,,,,
3,baseline,durable_workflow,526,1.0,0,0,544.7999999999997,1035.7414448669194,1.032319391634981,76.37154679709818,169.29842677814122,249.26935728574045,,,,,
4,baseline,durable_workflow,549,1.0,0,0,569.5999999999999,1037.5227686703095,1.034608378870674,77.22890197949712,182.4318940661933,258.21929780177334,,,,,
5,baseline,durable_workflow,522,1.0,0,0,550.1999999999997,1054.0229885057465,1.0459770114942528,77.04817817739013,200.90214580884037,271.3752192959189,,,,,
6,baseline,durable_workflow,563,1.0,0,0,598.5999999999997,1063.23268206039,1.0497335701598578,77.81494742423848,203.24367827988817,286.9229030688484,,,,,
7,baseline,durable_workflow,540,1.0,0,0,556.9999999999998,1031.481481481481,1.0277777777777777,73.85051266852496,180.98423620743233,283.29119035426356,,,,,
8,baseline,durable_workflow,545,1.0,0,0,573.9999999999998,1053.2110091743114,1.0477064220183485,77.3750450321802,176.97449358575477,253.1356002764296,,,,,
9,baseline,durable_workflow,595,1.0,0,0,630.1999999999996,1059.1596638655456,1.0470588235294118,82.79131649745068,183.5943725786169,254.03933418564566,,,,,
10,baseline,durable_workflow,518,1.0,0,0,540.7999999999997,1044.0154440154433,1.0424710424710424,76.13324136399547,189.82651235807134,249.22864943186005,,,,,
11,baseline,durable_workflow,542,1.0,0,0,572.5999999999998,1056.4575645756454,1.0461254612546125,75.29825794022236,169.24717091364192,321.7962578718217,,,,,
12,baseline,durable_workflow,501,1.0,0,0,530.5999999999997,1059.0818363273447,1.0479041916167664,76.5553096095673,200.19279702557037,278.825130448103,,,,,
13,baseline,durable_workflow,540,1.0,0,0,557.1999999999999,1031.8518518518517,1.0333333333333334,78.23925264631782,180.91470059150674,246.74344763184467,,,,,
14,baseline,durable_workflow,548,1.0,0,0,570.5999999999998,1041.2408759124082,1.0383211678832116,81.58278793098043,193.7140811063614,282.42899559728403,,,,,
15,baseline,durable_workflow,574,1.0,0,0,602.9999999999997,1050.5226480836232,1.0452961672473868,78.84975227623727,189.7557381106517,286.1875256025128,,,,,
16,baseline,durable_workflow,558,1.0,0,0,583.9999999999998,1046.5949820788528,1.0376344086021505,76.08040255200945,183.8892568099186,298.6351149159259,,,,,
17,baseline,durable_workflow,504,1.0,0,0,523.3999999999999,1038.4920634920632,1.0317460317460319,78.19080290206648,177.05283817991676,316.1400653469805,,,,,
18,baseline,durable_workflow,520,1.0,0,0,545.3999999999997,1048.8461538461534,1.0442307692307693,76.71999760765175,182.99371771804726,264.4125147815982,,,,,
19,baseline,durable_workflow,512,1.0,0,0,528.7999999999998,1032.8124999999998,1.033203125,76.46606001151065,183.31247817468056,274.4785343963176,,,,,
20,baseline,durable_workflow,521,1.0,0,0,546.7999999999997,1049.5201535508631,1.036468330134357,76.4243880060325,186.685085780524,276.4221073259855,,,,,
21,baseline,durable_workflow,544,1.0,0,0,570.1999999999998,1048.161764705882,1.0422794117647058,75.51059524221819,191.42888058786696,270.61895713593776,,,,,
22,baseline,durable_workflow,557,1.0,0,0,582.5999999999997,1045.9605026929976,1.0466786355475763,79.26055078054605,188.6535363682757,237.21477787600406,,,,,
23,baseline,durable_workflow,534,1.0,0,0,558.9999999999998,1046.8164794007487,1.0374531835205993,74.65130730671672,185.46170161923965,258.00666962748016,,,,,
24,baseline,durable_workflow,568,1.0,0,0,593.7999999999997,1045.4225352112671,1.0404929577464788,75.98457058833765,180.37475461869712,265.7964577692544,,,,,
25,baseline,durable_workflow,535,1.0,0,0,563.7999999999997,1053.831775700934,1.050467289719626,80.25764257705157,194.72475910484445,276.1959653717531,,,,,
26,baseline,durable_workflow,502,1.0,0,0,538.9999999999998,1073.705179282868,1.0557768924302788,81.33158357610444,191.10683013883772,246.81896265178057,,,,,
27,baseline,durable_workflow,542,1.0,0,0,567.3999999999997,1046.863468634686,1.0387453874538746,78.06454228749658,181.07497679141306,243.3633947993726,,,,,
28,baseline,durable_workflow,524,1.0,0,1,542.1999999999998,1034.7328244274804,1.036259541984733,77.61705098730408,179.8857365855447,273.2670889206029,,,,,
29,baseline,durable_workflow,535,1.0,0,0,561.3999999999999,1049.345794392523,1.0429906542056075,75.05047057188682,203.02981454512974,270.51330972656933,,,,,
30,baseline,durable_workflow,512,1.0,0,0,540.7999999999998,1056.2499999999998,1.041015625,76.15385911573094,187.9593506239289,284.7166507808728,,,,,
1,brownout,naive_retry,513,0.9980506822612085,0,95,804.9999999999949,1572.26562499999,1.5224171539961013,136.45874700364584,447.29309172159765,544.0207924737722,,,,,
2,brownout,naive_retry,540,0.9981481481481481,0,78,819.7999999999945,1520.964749536168,1.5240740740740741,137.3999502081541,419.88988346476253,513.7884398023552,,,,,
3,brownout,naive_retry,526,1.0,0,82,780.9999999999952,1484.7908745247057,1.4581749049429658,134.7998151610168,436.2865374954795,504.61973135394396,,,,,
4,brownout,naive_retry,549,1.0,0,96,855.7999999999939,1558.8342440801346,1.5628415300546448,139.33328767961757,436.60137934141085,537.3287406510767,,,,,
5,brownout,naive_retry,522,0.9961685823754789,0,86,800.5999999999949,1539.6153846153748,1.5076628352490422,140.39202435496645,429.9083123834721,517.805694596444,,,,,
6,brownout,naive_retry,563,0.9964476021314387,0,91,860.1999999999941,1533.3333333333228,1.5399644760213145,140.72154661455102,421.9366358014945,512.086705322949,,,,,
7,brownout,naive_retry,540,1.0,0,94,822.9999999999942,1524.0740740740632,1.5351851851851852,132.3023471920501,417.2541115366621,583.808287404282,,,,,
8,brownout,naive_retry,545,1.0,0,95,854.9999999999942,1568.8073394495304,1.544954128440367,141.12029686648202,432.0644916644769,544.7661603061947,,,,,
9,brownout,naive_retry,595,0.9949579831932773,0,91,922.5999999999933,1558.4459459459345,1.5596638655462185,138.1854212373171,422.10075232445524,523.0342101980277,,,,,
10,brownout,naive_retry,518,0.9980694980694981,0,82,802.1999999999945,1551.64410058026,1.5463320463320462,134.27445380613563,439.6049898929832,524.9585346442834,,,,,
11,brownout,naive_retry,542,0.9944649446494465,0,93,861.3999999999942,1598.144712430416,1.555350553505535,140.216290879981,428.24783694582516,492.1491013851223,,,,,
12,brownout,naive_retry,501,1.0,0,88,761.3999999999952,1519.7604790419066,1.4850299401197604,146.17612468295738,430.2083409935908,503.49956692519436,,,,,
13,brownout,naive_retry,540,0.9981481481481481,0,99,813.5999999999946,1509.4619666048136,1.4907407407407407,127.50649857633334,423.9854060564685,486.21788333220366,,,,,
14,brownout,naive_retry,548,0.9981751824817519,0,87,819.9999999999948,1499.0859232175405,1.5054744525547445,129.75641645561677,432.70700358447175,507.9004515359229,,,,,
15,brownout,naive_retry,574,0.9965156794425087,0,93,869.9999999999942,1520.9790209790108,1.5121951219512195,134.49466932627087,425.56132270887656,529.7411455698903,,,,,
16,brownout,naive_retry,558,0.996415770609319,0,88,847.3999999999943,1524.1007194244503,1.521505376344086,130.94478022871095,436.9626347635151,547.1033778094584,,,,,
17,brownout,naive_retry,504,1.0,0,88,777.3999999999949,1542.4603174603074,1.5198412698412698,139.54567335686767,429.6866966211446,499.5235915411463,,,,,
18,brownout,naive_retry,520,1.0,0,92,805.599999999995,1549.2307692307597,1.4942307692307693,140.51798198879897,447.78609594682257,569.1962828052335,,,,,
19,brownout,naive_retry,512,0.99609375,0,88,777.799999999995,1525.0980392156764,1.513671875,134.88903998727693,430.1223849866292,521.9008655843495,,,,,
20,brownout,naive_retry,521,0.9980806142034548,0,90,792.9999999999949,1524.9999999999902,1.4875239923224568,134.76920220856323,453.01911282195715,540.5520818461082,,,,,
21,brownout,naive_retry,544,0.9963235294117647,0,81,830.7999999999946,1532.8413284132741,1.505514705882353,138.07911678257096,431.2327337943402,495.89004073982505,,,,,
22,brownout,naive_retry,557,1.0,0,104,832.9999999999943,1495.5116696588766,1.497307001795332,128.55933418297263,444.52987452280604,509.58591076409266,,,,,
23,brownout,naive_retry,534,1.0,0,83,808.1999999999947,1513.4831460674059,1.4981273408239701,137.16136446872542,434.35136313769203,507.02017071124465,,,,,
24,brownout,naive_retry,568,1.0,0,90,877.5999999999938,1545.0704225352004,1.5404929577464788,130.66375816930258,423.434243457908,504.65303374665245,,,,,
25,brownout,naive_retry,535,1.0,0,98,804.3999999999945,1503.5514018691488,1.5084112149532711,129.22829531731577,436.81137162486675,502.1532601252529,,,,,
26,brownout,naive_retry,502,1.0,0,91,765.7999999999953,1525.4980079681181,1.4860557768924303,138.65791289898107,431.15606768504176,532.0187325608599,,,,,
27,brownout,naive_retry,542,0.9981549815498155,0,90,839.1999999999939,1551.2014787430571,1.566420664206642,129.8195280090431,420.1474709955396,532.331485840291,,,,,
28,brownout,naive_retry,524,1.0,0,95,812.9999999999947,1551.526717557242,1.5209923664122138,148.82696455162386,441.2550119847979,480.92112248166904,,,,,
29,brownout,naive_retry,535,0.9962616822429906,0,92,816.5999999999946,1532.0825515947365,1.5065420560747664,134.63156142424668,423.6732301974239,533.0702181309075,,,,,
30,brownout,naive_retry,512,0.9921875,0,92,803.5999999999946,1581.889763779517,1.5546875,136.05390425168957,433.9116605202835,549.4828486219267,,,,,
1,brownout,sync_gateway,513,0.7758284600389863,0,0,551.3999999999983,1385.4271356783877,1.1812865497076024,105.47920598327016,440.9092084780059,683.4927224171815,,,,,
2,brownout,sync_gateway,540,0.7870370370370371,0,0,587.5999999999974,1382.5882352941114,1.2203703703703703,103.16220218932574,435.70538693776234,659.8371428435157,,,,,
3,brownout,sync_gateway,526,0.7756653992395437,0,0,562.3999999999982,1378.4313725490151,1.1711026615969582,105.70053816956602,445.8001955250227,653.7737012062739,,,,,
4,brownout,sync_gateway,549,0.8069216757741348,0,0,608.9999999999968,1374.7178329571034,1.2714025500910746,100.6497153671121,420.56147410218864,689.4886054218259,,,,,
5,brownout,sync_gateway,522,0.8122605363984674,0,0,562.1999999999978,1325.9433962264097,1.1915708812260537,110.79730899353035,412.1106571904752,638.1306454224268,,,,,
6,brownout,sync_gateway,563,0.783303730017762,0,0,611.7999999999975,1387.3015873015815,1.2149200710479573,110.6292952903238,433.75253285387134,551.4121532952445,,,,,
7,brownout,sync_gateway,540,0.8203703703703704,0,0,589.3999999999972,1330.474040632048,1.2277777777777779,106.98391470352624,427.7709933234105,837.3654211466169,,,,,
8,brownout,sync_gateway,545,0.7853211009174312,0,0,593.3999999999975,1386.4485981308353,1.2201834862385321,101.38588259952235,414.836624174118,568.4870830510563,,,,,
9,brownout,sync_gateway,595,0.7949579831932773,0,0,655.3999999999967,1385.6236786469274,1.2521008403361344,104.27205262507368,421.7244892675708,617.5335177969682,,,,,
10,brownout,sync_gateway,518,0.7451737451737451,0,0,563.1999999999975,1459.067357512947,1.218146718146718,99.74754585332175,357.13487299293183,492.4309202775089,,,,,
11,brownout,sync_gateway,542,0.7804428044280443,0,0,587.7999999999976,1389.5981087470393,1.2103321033210332,107.72605584016424,411.78425143328695,595.5172152562964,,,,,
12,brownout,sync_gateway,501,0.7864271457085829,0,0,540.7999999999979,1372.5888324873044,1.1976047904191616,108.86724279744939,530.5885420947493,759.972593287436,,,,,
13,brownout,sync_gateway,540,0.7796296296296297,0,0,573.3999999999983,1361.9952494061715,1.1537037037037037,107.04041904095129,385.37454148125016,682.3350103337725,,,,,
14,brownout,sync_gateway,548,0.7864963503649635,0,0,596.9999999999974,1385.1508120649592,1.2226277372262773,107.54892681080582,443.65055100964537,669.3714684789998,,,,,
15,brownout,sync_gateway,574,0.8066202090592335,0,0,623.1999999999972,1346.0043196544216,1.2142857142857142,103.20695753351652,441.375053316046,731.3923315555126,,,,,
16,brownout,sync_gateway,558,0.7724014336917563,0,0,605.1999999999974,1404.1763341067226,1.2114695340501793,100.45780062013762,377.7589306728264,594.0041947873915,,,,,
17,brownout,sync_gateway,504,0.7599206349206349,0,0,543.7999999999979,1419.8433420365482,1.1964285714285714,108.37818005904643,372.18714842854934,635.6209090065056,,,,,
18,brownout,sync_gateway,520,0.7923076923076923,0,0,554.3999999999982,1345.6310679611604,1.1653846153846155,110.55212304811812,413.6505810069525,717.5072742804932,,,,,
19,brownout,sync_gateway,512,0.794921875,0,0,555.7999999999978,1365.6019656019603,1.212890625,104.3767660018517,426.1882158470253,695.6248214950108,,,,,
20,brownout,sync_gateway,521,0.763915547024952,0,0,559.5999999999979,1406.0301507537633,1.1842610364683301,94.47253665427581,400.7398151360967,818.2973925686667,,,,,
21,brownout,sync_gateway,544,0.7775735294117647,0,0,589.5999999999976,1393.8534278959755,1.2077205882352942,111.85460437733423,373.1042400499041,657.2381205391789,,,,,
22,brownout,sync_gateway,557,0.7737881508078994,0,0,601.5999999999976,1395.8236658932658,1.1974865350089767,106.77826755132338,419.854390342251,563.7847377726612,,,,,
23,brownout,sync_gateway,534,0.797752808988764,0,0,570.7999999999979,1339.9061032863801,1.1722846441947565,104.3238398282574,387.54298686555285,627.6529017268022,,,,,
24,brownout,sync_gateway,568,0.7746478873239436,0,0,620.9999999999972,1411.36363636363,1.232394366197183,96.95119494762082,377.96417066502136,696.86756535205,,,,,
25,brownout,sync_gateway,535,0.8,0,0,577.3999999999978,1349.0654205607427,1.1962616822429906,105.97623564789365,416.5598185677118,584.9137474681161,,,,,
26,brownout,sync_gateway,502,0.7908366533864541,0,0,537.9999999999981,1355.1637279596928,1.1792828685258965,106.10227254878191,422.3192795945615,559.9649024695436,,,,,
27,brownout,sync_gateway,542,0.7693726937269373,0,0,593.9999999999974,1424.4604316546702,1.2380073800738007,106.1301331387607,405.91088519575123,592.6758580017238,,,,,
28,brownout,sync_gateway,524,0.7442748091603053,0,0,568.5999999999977,1457.9487179487123,1.2118320610687023,100.4195665130888,384.8226796794347,696.456750371302,,,,,
29,brownout,sync_gateway,535,0.8,0,0,578.1999999999977,1350.9345794392468,1.2,97.12242530210733,413.83746996244963,712.6056192742547,,,,,
30,brownout,sync_gateway,512,0.7578125,0,0,554.7999999999978,1429.8969072164891,1.208984375,109.7448140613318,423.56989405531385,678.151148949949,,,,,
1,brownout,durable_workflow,513,1.0,0,24,742.1999999999949,1446.7836257309843,1.267056530214425,116.81253435160284,562.4383644773147,754.4435914978662,,,,,
2,brownout,durable_workflow,540,0.9981481481481481,0,10,751.7999999999946,1394.8051948051848,1.212962962962963,119.95015994142886,500.2997326754926,685.0652773132051,,,,,
3,brownout,durable_workflow,526,1.0,0,10,712.3999999999952,1354.3726235741353,1.193916349809886,111.05050993629675,490.0759797034275,660.5966785661558,,,,,
4,brownout,durable_workflow,549,1.0,0,15,798.5999999999943,1454.644808743159,1.2568306010928962,120.70483472015394,536.2087182170112,712.9192278473715,,,,,
5,brownout,durable_workflow,522,1.0,0,23,724.3999999999954,1387.739463601524,1.2509578544061302,122.11312059465945,583.1808954707672,711.8520238470182,,,,,
6,brownout,durable_workflow,563,1.0,0,11,799.1999999999944,1419.538188277077,1.2166962699822381,119.49480462894098,523.6474248478874,720.1404207998094,,,,,
7,brownout,durable_workflow,540,0.9981481481481481,0,18,752.399999999995,1395.9183673469295,1.2351851851851852,114.97024006265133,560.5870101364726,723.9363763837778,,,,,
8,brownout,durable_workflow,545,1.0,0,6,757.7999999999947,1390.4587155963206,1.2238532110091742,119.10119459315445,504.1930125376084,643.9474425970002,,,,,
9,brownout,durable_workflow,595,0.9983193277310924,0,7,836.5999999999939,1408.417508417498,1.2134453781512604,121.85343809809933,466.3530721238858,663.4837357443166,,,,,
10,brownout,durable_workflow,518,1.0,0,13,743.1999999999946,1434.7490347490243,1.222007722007722,107.99174466015344,525.6547756904729,716.7624926719193,,,,,
11,brownout,durable_workflow,542,1.0,0,8,767.1999999999947,1415.49815498154,1.2343173431734318,118.58103759008009,464.3589287178272,670.143220083236,,,,,
12,brownout,durable_workflow,501,1.0,0,4,701.7999999999955,1400.798403193604,1.2135728542914173,115.58236758884686,499.8408301252666,636.5202960728539,,,,,
13,brownout,durable_workflow,540,1.0,0,9,745.799999999995,1381.1111111111018,1.2166666666666666,111.18364013178052,470.5522755571842,665.870544615937,,,,,
14,brownout,durable_workflow,548,1.0,0,19,779.799999999995,1422.992700729918,1.2627737226277371,128.4481049067149,565.5542278446019,738.4131963939817,,,,,
15,brownout,durable_workflow,574,1.0,0,14,809.7999999999946,1410.8013937282135,1.254355400696864,125.46512469150093,486.75299553707055,683.3110363251503,,,,,
16,brownout,durable_workflow,558,1.0,0,9,779.7999999999945,1397.4910394265135,1.2401433691756272,109.29388864761086,491.9302886641012,692.6637877135272,,,,,
17,brownout,durable_workflow,504,1.0,0,20,716.5999999999952,1421.8253968253873,1.253968253968254,126.49147510574505,589.3663363552987,724.1296068559191,,,,,
18,brownout,durable_workflow,520,1.0,0,18,727.1999999999957,1398.4615384615302,1.2596153846153846,130.40062381164262,602.4603986793722,735.3280703506548,,,,,
19,brownout,durable_workflow,512,0.998046875,0,9,712.7999999999956,1394.911937377682,1.240234375,125.90607644204283,489.71515575126796,677.1000702937667,,,,,
20,brownout,durable_workflow,521,1.0,0,8,723.3999999999953,1388.4836852207202,1.2072936660268714,117.17970743710589,514.4865826392142,643.9845052598885,,,,,
21,brownout,durable_workflow,544,1.0,0,12,764.7999999999946,1405.8823529411666,1.2297794117647058,122.29685998620425,521.4505829872637,705.8013269065386,,,,,
22,brownout,durable_workflow,557,1.0,0,12,765.7999999999948,1374.8653500897574,1.2333931777378815,123.76545500015516,530.5524834545113,679.3981071208295,,,,,
23,brownout,durable_workflow,534,0.9962546816479401,0,13,737.999999999995,1387.2180451127724,1.2209737827715357,112.8584103054186,532.5706883901316,682.4662242423033,,,,,
24,brownout,durable_workflow,568,1.0,0,11,810.1999999999941,1426.408450704215,1.2394366197183098,120.5608689702901,491.18884142135266,660.3032642653493,,,,,
25,brownout,durable_workflow,535,1.0,0,8,741.9999999999949,1386.9158878504577,1.2112149532710281,111.39632184511902,460.1147066312251,686.9251706471659,,,,,
26,brownout,durable_workflow,502,1.0,0,12,727.1999999999948,1448.6055776892326,1.2430278884462151,121.56161440436483,501.92901528444577,690.1242186335792,,,,,
27,brownout,durable_workflow,542,1.0,0,1,738.5999999999937,1362.7306273062613,1.1162361623616237,96.89136298840799,328.9355536575815,504.8721384537257,,,,,
28,brownout,durable_workflow,524,0.9980916030534351,0,13,749.9999999999949,1434.034416825994,1.2557251908396947,122.93818068657583,524.9336129274157,708.0491989702655,,,,,
29,brownout,durable_workflow,535,1.0,0,15,774.3999999999946,1447.4766355140086,1.2373831775700934,113.09181354819611,485.09030240287757,723.7370523295003,,,,,
30,brownout,durable_workflow,512,0.998046875,0,17,720.9999999999952,1410.9589041095799,1.240234375,116.43481420540343,540.9719988614975,695.7461351594056,,,,,
1,hard_outage,naive_retry,513,0.9961013645224172,0,1,644.799999999997,1261.839530332675,1.4736842105263157,96.10856956766429,235.74781672515428,320.26136059768714,212,0.9905660377358491,120.34726564633092,281.98151369888774,354.8915979527494
2,hard_outage,naive_retry,540,1.0,0,2,673.7999999999971,1247.7777777777724,1.4537037037037037,95.95556053093287,235.30600389572896,340.2677937937798,214,1.0,123.80041702130393,280.04296591786556,369.65391456139355
3,hard_outage,naive_retry,526,0.9980988593155894,0,2,643.5999999999973,1225.9047619047567,1.4581749049429658,94.40126273600254,213.29656210477106,308.03217682487957,219,0.9954337899543378,121.71882274350105,246.84684195555224,321.96878217243966
4,hard_outage,naive_retry,549,0.9981785063752276,0,3,676.799999999997,1235.0364963503596,1.4863387978142077,99.5492872623056,224.23950356732348,306.4663612664583,241,0.995850622406639,124.15225459988187,249.93778055147504,322.4469090438831
5,hard_outage,naive_retry,522,0.9980842911877394,0,4,643.9999999999975,1236.0844529750432,1.4578544061302683,97.1339767892598,223.40572274069268,327.9595888532415,215,0.9953488372093023,119.2950421436733,236.6236893365333,399.53959188168574
6,hard_outage,naive_retry,563,0.9982238010657194,0,1,691.199999999997,1229.8932384341583,1.4671403197158082,101.2842791086482,206.87363594825501,269.36401977254536,239,0.99581589958159,120.93864193002173,242.19679255733536,307.03197781988706
7,hard_outage,naive_retry,540,1.0,0,4,661.1999999999972,1224.4444444444393,1.4425925925925926,96.09986515177252,224.5753002039537,357.3840225743544,212,1.0,127.19578021715347,242.83100238283032,309.6615239457806
8,hard_outage,naive_retry,545,0.998165137614679,0,3,668.1999999999969,1228.308823529406,1.4477064220183486,96.48074318107513,218.36291181226784,329.68798635808844,220,0.9954545454545455,129.9834687887071,242.16939230290564,329.68798635808844
9,hard_outage,naive_retry,595,1.0,0,2,739.3999999999961,1242.6890756302455,1.504201680672269,101.59172984305224,218.282826293349,304.6272958984405,273,1.0,120.83499691652287,237.70294797736517,325.8733914080824
10,hard_outage,naive_retry,518,0.9980694980694981,0,2,633.9999999999977,1226.3056092843283,1.445945945945946,98.3757793901263,222.52338783223036,290.2352165729458,206,0.9951456310679612,118.52542890780956,249.56244016807,421.80826847041544
11,hard_outage,naive_retry,542,1.0,0,6,681.7999999999967,1257.933579335787,1.5055350553505535,100.5349030167938,219.7543749819513,364.16530928835164,243,1.0,126.52549945420424,247.29253116128257,395.556429310609
12,hard_outage,naive_retry,501,0.9960079840319361,0,4,619.7999999999975,1242.0841683366684,1.469061876247505,95.20381385607243,220.35716713741886,417.1792230472763,211,0.990521327014218,115.64151483227079,240.88032008779828,459.96148617891095
13,hard_outage,naive_retry,540,0.9962962962962963,0,2,660.7999999999968,1228.2527881040833,1.4777777777777779,100.99850579086032,226.77055600374308,288.2897514045094,234,0.9914529914529915,122.27283810278254,247.37289439688607,292.564774559391
14,hard_outage,naive_retry,548,1.0,0,5,683.3999999999969,1247.0802919707974,1.4744525547445255,98.81042202764866,226.84384418407308,365.4846985820068,229,1.0,120.72165808778868,242.13797151269114,412.9285538567033
15,hard_outage,naive_retry,574,1.0,0,5,721.9999999999961,1257.8397212543487,1.4773519163763067,98.22569445335012,224.90733286799764,376.17272372945877,237,1.0,123.91823871324664,252.40697668589655,376.1756219216504
16,hard_outage,naive_retry,558,0.996415770609319,0,2,693.3999999999968,1247.1223021582675,1.4587813620071686,94.90952884912735,216.10562812042986,297.5131138395868,223,0.9910313901345291,119.37848569603057,224.58828291166265,259.3600884147586
17,hard_outage,naive_retry,504,1.0,0,5,619.9999999999975,1230.1587301587251,1.4603174603174602,100.39353283802711,230.25920735878526,309.82890099569704,208,1.0,130.02612684596625,254.87622932961744,382.77636559828034
18,hard_outage,naive_retry,520,1.0,0,3,642.799999999997,1236.1538461538403,1.4807692307692308,101.21390467311676,220.26792041433328,323.7196226664978,228,1.0,121.52676707008504,252.282077558458,340.9338204108674
19,hard_outage,naive_retry,512,1.0,0,4,617.1999999999977,1205.4687499999955,1.4296875,94.27418575654383,205.9144407709398,294.924074768845,197,1.0,122.49853526231118,220.30256689353155,383.37198243552575
20,hard_outage,naive_retry,521,1.0,0,3,621.3999999999975,1192.7063339731237,1.416506717850288,97.05339696493638,220.66702176189847,286.2304265414068,196,1.0,122.5611381807189,238.63990575503976,507.19075190824174
21,hard_outage,naive_retry,544,0.9981617647058824,0,2,668.3999999999972,1230.939226519332,1.4338235294117647,94.97758681625874,236.53196545064543,305.7097786966415,208,0.9951923076923077,124.59623771788961,263.27872546616663,364.96695098411556
22,hard_outage,naive_retry,557,0.9982046678635548,0,4,675.5999999999968,1215.107913669059,1.450628366247756,99.33919074500864,209.01118192706917,273.7971722253096,230,0.9956521739130435,118.33442248969186,244.30340452554105,302.32458154678307
23,hard_outage,naive_retry,534,1.0,0,2,659.1999999999966,1234.456928838945,1.4794007490636705,95.90480593064217,240.2504702328563,317.39750026831916,233,1.0,119.02595711290041,276.1206791586237,379.3315401938438
24,hard_outage,naive_retry,568,1.0,0,1,696.5999999999966,1226.4084507042194,1.4630281690140845,98.22987956273164,218.08239587273442,294.3604535662464,239,1.0,119.47750664707291,241.54257775862425,294.3604535662464
25,hard_outage,naive_retry,535,0.9981308411214953,0,5,666.7999999999969,1248.689138576773,1.4635514018691589,95.6468104201856,215.31350663063813,361.7716129430273,217,0.9953917050691244,123.24950358024125,264.6343704043711,418.41496045904705
26,hard_outage,naive_retry,502,0.9960159362549801,0,3,623.5999999999973,1247.1999999999946,1.4721115537848606,99.40800852545419,224.99385371151948,325.1165390094736,209,0.9904306220095693,119.88858347737369,246.88348940633432,385.6215270615153
27,hard_outage,naive_retry,542,1.0,0,4,667.3999999999969,1231.365313653131,1.4870848708487086,99.00433143745772,217.55825994209158,314.6728376835281,243,1.0,123.6330341826224,229.47943306998695,477.6474048963114
28,hard_outage,naive_retry,524,0.9980916030534351,0,4,644.5999999999973,1232.5047801147175,1.4541984732824427,98.10905834863115,230.24049903227683,335.35228257818517,214,0.9953271028037384,127.08225804123299,262.2792825567758,331.40357401515644
29,hard_outage,naive_retry,535,1.0,0,4,678.7999999999964,1268.7850467289652,1.5102803738317756,103.37408339668855,226.23112854005103,303.62933392932155,238,1.0,123.51021228669697,279.91010558986704,387.24857647339195
30,hard_outage,naive_retry,512,0.998046875,0,4,648.5999999999971,1269.2759295498963,1.498046875,98.66270160923318,223.5721943789921,349.2373244593073,222,0.9954954954954955,121.20660342685028,250.2191170125459,484.08195522038227
1,hard_outage,sync_gateway,513,0.9707602339181286,0,0,605.1999999999972,1215.261044176701,1.0740740740740742,81.3683291179824,184.75165201880532,290.0866646789714,212,0.9764150943396226,97.68370400940807,208.70958095736114,312.01429669132085
2,hard_outage,sync_gateway,540,0.9796296296296296,0,0,628.5999999999975,1188.279773156895,1.0611111111111111,85.96410132978804,185.889464021016,262.45199394539304,214,0.985981308411215,97.05074337700057,203.8528341533065,274.20530504764406
3,hard_outage,sync_gateway,526,0.9638783269961977,0,0,614.7999999999976,1212.623274161731,1.0513307984790874,81.68835105354538,184.70990007250543,242.15382593893787,219,0.9771689497716894,92.46212810932502,207.759516507429,250.62010633776504
4,hard_outage,sync_gateway,549,0.9617486338797814,0,0,651.1999999999972,1233.333333333328,1.0692167577413478,82.47597024038669,177.7328110869944,228.39713854494357,241,0.9585062240663901,94.24988455693165,196.01267307393027,229.41806479754473
5,hard_outage,sync_gateway,522,0.9693486590038314,0,0,612.3999999999977,1210.2766798418927,1.0747126436781609,83.68927195825518,200.98318454965965,262.36914143731883,215,0.9813953488372092,92.98870576101126,224.15869418437728,266.3583013168251
6,hard_outage,sync_gateway,563,0.9662522202486679,0,0,663.1999999999971,1219.1176470588182,1.0603907637655416,87.69123824363032,181.89294234927002,275.74395264393524,239,0.9623430962343096,95.68273683438042,212.19679255733536,275.74395264393524
7,hard_outage,sync_gateway,540,0.9611111111111111,0,0,629.5999999999976,1213.1021194604964,1.0685185185185184,81.99594064127177,191.08443915071666,299.14788307177037,212,0.9481132075471698,96.24404531852838,204.4641614096895,276.1844366163707
8,hard_outage,sync_gateway,545,0.9761467889908257,0,0,635.7999999999972,1195.112781954882,1.0587155963302752,82.38927538866676,194.37611620071607,263.68440589915633,220,0.9772727272727273,98.77758722963154,222.1317243317567,308.11033699578024
9,hard_outage,sync_gateway,595,0.9697478991596639,0,0,710.7999999999962,1231.8890814557992,1.0554621848739496,82.75682396488543,190.671183903969,279.7519973032574,273,0.9743589743589743,90.2298064960487,207.48332986707828,290.0097855124923
10,hard_outage,sync_gateway,518,0.9633204633204633,0,0,605.3999999999979,1213.2264529058075,1.0637065637065637,81.77645539194873,195.41236864765233,273.0416996139238,206,0.9660194174757282,88.52542890780978,216.6106144779344,366.06275062595864
11,hard_outage,sync_gateway,542,0.977859778597786,0,0,644.1999999999969,1215.4716981132017,1.0719557195571956,80.56867007613107,204.3628716833514,292.11003048732255,243,0.9835390946502057,94.49905866407858,219.70058957695005,345.2920541847541
12,hard_outage,sync_gateway,501,0.9500998003992016,0,0,593.7999999999975,1247.4789915966333,1.0758483033932136,86.91394433135247,188.21338872243223,303.5384089439399,211,0.9478672985781991,98.44643030007637,188.88792825080236,303.5384089439399
13,hard_outage,sync_gateway,540,0.9685185185185186,0,0,641.5999999999967,1226.7686424474125,1.0703703703703704,86.50778357795184,197.3312244048135,261.37254842805396,234,0.9658119658119658,98.55581317062115,205.1461651977986,277.4155814153753
14,hard_outage,sync_gateway,548,0.9762773722627737,0,0,643.999999999997,1203.7383177570039,1.0675182481751824,86.01195176550073,194.33522746421932,281.95122414450134,229,0.9781659388646288,97.14437449080015,204.9393556061334,327.93053175960404
15,hard_outage,sync_gateway,574,0.9686411149825784,0,0,673.3999999999966,1211.1510791366843,1.0609756097560976,82.02975489703954,191.81484122635788,265.1574298563005,237,0.9915611814345991,92.24485932562857,204.33989291917214,288.1479629780056
16,hard_outage,sync_gateway,558,0.9498207885304659,0,0,652.799999999997,1231.6981132075416,1.060931899641577,83.83652502826692,178.48076741070645,229.55018836171178,223,0.9596412556053812,92.00561349461759,196.99973861834246,229.36008841475882
17,hard_outage,sync_gateway,504,0.9682539682539683,0,0,591.3999999999976,1211.8852459016346,1.0654761904761905,81.54507497981194,195.6026697082757,320.26165537647466,208,0.9663461538461539,92.47090611706176,206.03223973928243,320.26165537647466
18,hard_outage,sync_gateway,520,0.9730769230769231,0,0,615.599999999997,1216.600790513828,1.073076923076923,88.54108796091612,212.23800711372587,315.2138519186101,228,0.9868421052631579,100.0502698050509,236.0818803378147,406.43802702351127
19,hard_outage,sync_gateway,512,0.97265625,0,0,598.599999999998,1202.00803212851,1.078125,81.0145127721662,185.59364719821156,258.2515597427855,197,0.9746192893401016,86.70102026509608,200.88325317332828,325.50177153927325
20,hard_outage,sync_gateway,521,0.9692898272552783,0,0,606.3999999999974,1200.7920792079155,1.0690978886756237,83.97606139140231,180.547573927925,256.1267528733481,196,0.9693877551020408,100.50897865044726,236.4073696623734,277.9370438254764
21,hard_outage,sync_gateway,544,0.9632352941176471,0,0,629.7999999999976,1201.9083969465603,1.0606617647058822,81.442025109513,181.67831316878153,273.75476398871615,208,0.9759615384615384,94.59623771788961,196.7952021149814,292.81628341325177
22,hard_outage,sync_gateway,557,0.9587073608617595,0,0,653.5999999999968,1223.9700374531776,1.0556552962298025,83.06187058207058,176.22065751901823,275.56005399219885,230,0.9521739130434783,90.47744391519677,199.6295975571942,318.32873346943734
23,hard_outage,sync_gateway,534,0.9662921348314607,0,0,634.1999999999969,1229.0697674418545,1.0674157303370786,78.84077311032615,177.92937703359803,225.508332052274,233,0.9656652360515021,90.62892828039867,201.92808210698013,242.8135060367547
24,hard_outage,sync_gateway,568,0.9735915492957746,0,0,673.9999999999965,1218.8065099457442,1.0651408450704225,79.26402393439542,195.77772375713676,264.1815602656668,239,0.9748953974895398,89.47750664707291,229.90440227383237,302.23818091160047
25,hard_outage,sync_gateway,535,0.9700934579439252,0,0,629.7999999999973,1213.4874759152165,1.074766355140187,85.92698267669402,206.05762212209152,262.14556796818533,217,0.9539170506912442,97.82517475968098,225.20183045774183,266.95933208923657
26,hard_outage,sync_gateway,502,0.9701195219123506,0,0,589.1999999999977,1209.8562628336706,1.0697211155378485,82.77276035816249,184.34181462647712,258.4709444969276,209,0.9712918660287081,97.20064272043851,200.743021522424,280.60493985882385
27,hard_outage,sync_gateway,542,0.959409594095941,0,0,644.7999999999972,1239.9999999999948,1.0830258302583027,83.82585675521068,187.7131890317155,238.60214808218507,243,0.9547325102880658,98.01355638246719,207.2197974366311,238.60214808218507
28,hard_outage,sync_gateway,524,0.9809160305343512,0,0,614.9999999999974,1196.498054474703,1.0591603053435115,82.7616588083549,186.47952530517085,262.5936398516467,214,0.9672897196261683,94.2254495815182,203.06960232321694,279.3962460652249
29,hard_outage,sync_gateway,535,0.9738317757009346,0,0,638.3999999999967,1225.3358925143891,1.074766355140187,84.1466746711535,187.17042835525422,254.73565381262608,238,0.9663865546218487,100.90425920006942,207.39316051539254,289.81464847385587
30,hard_outage,sync_gateway,512,0.9609375,0,0,606.3999999999975,1232.5203252032468,1.072265625,84.99510928214227,185.7510841117646,294.5085692096045,222,0.972972972972973,94.14370833687201,203.27768450277995,323.5483517832163
1,hard_outage,durable_workflow,513,0.9980506822612085,0,0,648.7999999999967,1267.1874999999934,1.1169590643274854,85.54296394018093,225.83194654566933,287.32816335261396,212,0.9952830188679245,92.69015150389328,237.2350681514779,320.1699144394331
2,hard_outage,durable_workflow,540,0.9981481481481481,0,0,662.7999999999972,1229.6846011131674,1.1,85.3548882098346,202.4797648398294,260.8139267059173,214,0.9953271028037384,98.62775647095464,215.7168042030944,268.5282157982567
3,hard_outage,durable_workflow,526,1.0,0,0,660.7999999999967,1256.273764258549,1.1102661596958174,84.22437354958402,200.10562430324106,277.63269761091533,219,1.0,99.65102183133331,216.84684195555224,277.63269761091533
4,hard_outage,durable_workflow,549,1.0,0,0,697.9999999999966,1271.4025500910684,1.0965391621129326,84.88645135885571,223.55883963785436,289.32833822948896,241,1.0,92.6774781727695,236.81688134187652,320.98015109659855
5,hard_outage,durable_workflow,522,1.0,0,0,631.7999999999972,1210.3448275862017,1.1053639846743295,90.7464033876903,200.90214580884037,261.9135688194465,215,1.0,103.57669455929863,201.43052740733242,262.36914143731883
6,hard_outage,durable_workflow,563,0.9946714031971581,0,0,705.1999999999964,1259.2857142857079,1.0994671403197158,86.64682218821997,222.04937682407535,318.1730120286793,239,0.9874476987447699,96.4493618595261,237.99390932894016,326.5365896170217
7,hard_outage,durable_workflow,540,1.0,0,0,663.999999999997,1229.629629629624,1.0925925925925926,84.05896209404546,212.8248108276482,302.20679043112455,212,1.0,99.69957607613628,233.8428479753684,302.20679043112455
8,hard_outage,durable_workflow,545,1.0,0,0,675.1999999999965,1238.8990825688008,1.0954128440366973,85.96145122521921,198.84852108401458,308.11033699578024,220,1.0,104.51923206865376,235.32231450080963,312.98958347074836
9,hard_outage,durable_workflow,595,0.9983193277310924,0,0,757.5999999999958,1275.4208754208685,1.1109243697478992,92.8211418635542,208.70444463051035,267.3047909271372,273,0.9963369963369964,98.64420772977019,221.80716714625805,267.3047909271372
10,hard_outage,durable_workflow,518,0.9980694980694981,0,1,645.399999999997,1248.3558994197235,1.1003861003861004,86.66054017155614,203.62650526303696,290.2352165729458,206,0.9951456310679612,95.00875587664382,212.75139964949176,352.08562006757234
11,hard_outage,durable_workflow,542,1.0,0,0,680.399999999996,1255.3505535055276,1.0977859778597785,85.21603713449167,198.77615126357068,316.593287251716,243,1.0,99.59273245283453,217.87933067490553,280.30422671787164
12,hard_outage,durable_workflow,501,1.0,0,0,619.7999999999972,1237.1257485029885,1.1077844311377245,87.40922769613806,209.81189926981764,292.29833628005827,211,1.0,96.18326583766702,244.83535415259712,423.9031591244361
13,hard_outage,durable_workflow,540,1.0,0,0,670.7999999999967,1242.222222222216,1.098148148148148,89.17532116070561,210.7727106489676,288.2897514045094,234,1.0,97.78133018243875,222.24891966109135,374.5862096673709
14,hard_outage,durable_workflow,548,0.9981751824817519,0,0,680.1999999999965,1243.5100548446005,1.1076642335766422,86.25353903012729,205.61531796433087,298.9824421562382,229,0.9956331877729258,98.50807928836275,213.72015432481135,298.9824421562382
15,hard_outage,durable_workflow,574,1.0,0,0,715.7999999999959,1247.0383275261252,1.1097560975609757,87.00844287269229,203.6920752669971,284.11711466908764,237,1.0,94.9603208107576,202.35511819219357,281.2487927013972
16,hard_outage,durable_workflow,558,0.9982078853046595,0,0,696.3999999999963,1250.2692998204602,1.114695340501792,81.90220044544571,204.70465665357187,306.44335526037537,223,0.9955156950672646,87.83844071014892,215.61197771393722,270.5181607194986
17,hard_outage,durable_workflow,504,0.998015873015873,0,0,614.5999999999974,1221.8687872763367,1.0992063492063493,86.19158818837195,197.93865807179327,316.1400653469805,208,0.9951923076923077,100.30259120469691,225.91518366686796,328.2710910970984
18,hard_outage,durable_workflow,520,1.0,0,0,646.7999999999968,1243.8461538461477,1.126923076923077,87.21988404965862,210.76145921225088,279.1055603730865,228,1.0,95.51895452615076,232.3255661926305,352.95983234497317
19,hard_outage,durable_workflow,512,0.99609375,0,0,646.1999999999965,1267.058823529405,1.103515625,87.54187219089181,195.96356864165818,279.96735983281576,197,0.9898477157360406,99.18735914913668,195.96356864165818,312.34022206862664
20,hard_outage,durable_workflow,521,0.9980806142034548,0,0,632.1999999999969,1215.7692307692248,1.0959692898272553,85.79539997564109,208.63990575503976,273.6453731020506,196,1.0,110.24335805162559,228.79891715553254,277.9370438254764
21,hard_outage,durable_workflow,544,0.9981617647058824,0,0,665.3999999999971,1225.4143646408786,1.1066176470588236,81.66476033629988,206.92499162247577,295.016521046713,208,0.9951923076923077,99.64402064005822,212.87444253688705,313.63188521201664
22,hard_outage,durable_workflow,557,0.9892280071813285,1,0,674.5999999999964,1224.319419237743,1.0843806104129263,88.46925772546683,193.21441405344058,284.45773345120506,230,0.9739130434782609,102.88424289569684,217.41289958236757,292.3621998427202
23,hard_outage,durable_workflow,534,0.99812734082397,0,0,676.7999999999964,1269.7936210131265,1.104868913857678,84.08329552289183,212.96378275024585,339.59647662067664,233,0.9957081545064378,101.16632003765972,247.28341767306983,367.4254032896388
24,hard_outage,durable_workflow,568,1.0,0,0,710.399999999996,1250.7042253521056,1.0950704225352113,84.11025436519822,197.97111186384313,281.48431502796757,239,1.0,95.95059608203337,223.2322842168851,344.4285965295519
25,hard_outage,durable_workflow,535,0.9981308411214953,0,0,665.1999999999965,1245.6928838951246,1.1065420560747663,88.26244587835373,217.4152370504321,271.8987367308464,217,0.9953917050691244,96.41169217167021,251.9764609163451,341.4905226834494
26,hard_outage,durable_workflow,502,1.0,0,0,631.199999999997,1257.3705179282808,1.1055776892430278,87.1518320660407,209.39195763355656,280.7578155255454,209,1.0,105.4819678797246,247.8966575761665,351.99094652146175
27,hard_outage,durable_workflow,542,0.9981549815498155,0,0,669.9999999999967,1238.4473197781824,1.1014760147601477,89.82157413626601,197.35735671103953,253.8864840941668,243,0.9958847736625515,98.26557293564906,203.3707649910575,254.25561789216988
28,hard_outage,durable_workflow,524,1.0,0,0,640.5999999999971,1222.5190839694599,1.0877862595419847,87.12646097841025,210.81215977302622,322.86205149011244,214,1.0,97.9669683118243,229.7966561529861,269.9198511377035
29,hard_outage,durable_workflow,535,1.0,0,0,673.1999999999964,1258.3177570093392,1.1065420560747663,84.66933863529647,211.98876116472047,291.99769894769133,238,1.0,99.51038451214345,237.2276423915264,313.9062017300487
30,hard_outage,durable_workflow,512,1.0,0,0,645.399999999997,1260.546874999994,1.111328125,86.10462317303273,222.56296745822328,323.54835178321605,222,1.0,98.82312588131435,250.6155000071576,360.9865223206341
1,generation_outage,naive_retry,513,1.0,0,1,844.9999999999962,1647.1734892787451,1.4678362573099415,114.63325733000056,279.457818447745,375.4427551556978,212,1.0,173.98935720031432,318.023043795336,375.4427551556978
2,generation_outage,naive_retry,540,0.9981481481481481,0,2,872.7999999999962,1619.2949907235552,1.4425925925925926,111.84123258277623,276.31128559526076,379.03805276348703,214,0.9953271028037384,179.87878609869563,327.2720790887531,398.24555865296475
3,generation_outage,naive_retry,526,0.9980988593155894,0,3,870.3999999999962,1657.9047619047547,1.4638783269961977,115.09451997354518,268.47788008441785,367.3430010662871,219,0.9954337899543378,170.345711212261,314.9473786697208,383.95966974648013
4,generation_outage,naive_retry,549,0.9963570127504554,0,3,912.9999999999961,1669.104204753192,1.4845173041894353,119.89847838286036,280.1200121875254,379.2900492156052,241,0.991701244813278,169.090634855252,334.52402731973325,394.8213257677089
5,generation_outage,naive_retry,522,1.0,0,3,872.9999999999962,1672.413793103441,1.4789272030651341,126.86936741221871,277.84233396174295,393.95582712674377,215,1.0,174.1551877506604,352.11217858611826,456.32171677573297
6,generation_outage,naive_retry,563,1.0,0,4,929.599999999996,1651.1545293072754,1.4600355239786855,119.1449100205923,292.6542309795393,391.620755912674,239,1.0,174.3898027158466,337.80973072185657,407.97349913371
7,generation_outage,naive_retry,540,0.9944444444444445,0,4,860.3999999999965,1602.2346368715016,1.4222222222222223,106.98391470352624,268.1413245132786,380.16278971811494,212,0.9858490566037735,177.685776891459,318.5840481353541,493.38758274103066
8,generation_outage,naive_retry,545,0.9963302752293578,0,2,884.1999999999962,1628.3609576427184,1.4495412844036697,114.1779445915513,266.9592425223086,358.3605261559651,220,1.0,169.20592377731305,308.6164045184321,381.49576578063056
9,generation_outage,naive_retry,595,0.9983193277310924,0,1,1011.1999999999953,1702.3569023568944,1.504201680672269,123.78598563966366,275.8140339405943,338.59384832232536,273,0.9963369963369964,173.28473456560994,299.0148900399579,429.0991125082144
10,generation_outage,naive_retry,518,0.9961389961389961,0,5,843.5999999999968,1634.8837209302264,1.4478764478764479,113.92275342966468,281.0141446569071,393.23806338138365,206,0.9902912621359223,173.61014678755896,351.6824013660789,505.63948076791894
11,generation_outage,naive_retry,542,0.9981549815498155,0,5,917.9999999999958,1696.8576709796594,1.5018450184501846,114.35898723147466,275.8085368416357,429.6673399491276,243,0.9958847736625515,173.69118772140337,348.77688303901164,473.7252395742894
12,generation_outage,naive_retry,501,0.998003992015968,0,2,833.3999999999965,1666.799999999993,1.4770459081836327,120.98277318472356,278.82513044810287,361.9663484713587,211,1.0,177.8268893058198,312.79806734322483,387.8473233929383
13,generation_outage,naive_retry,540,0.9962962962962963,0,4,902.1999999999961,1676.9516728624462,1.4962962962962962,117.31761390460304,287.03768121860367,388.3306441550893,234,0.9957264957264957,173.67827664494098,310.46212244442097,551.9482041603972
14,generation_outage,naive_retry,548,1.0,0,5,901.3999999999961,1644.890510948898,1.4653284671532847,113.61007420703525,298.6287959984006,412.7332696221215,229,1.0,179.14385342802643,330.90338589782186,444.8947984904187
15,generation_outage,naive_retry,574,0.9982578397212544,0,6,948.5999999999956,1655.4973821989452,1.4686411149825784,112.05577184731533,290.9534384843562,426.2995830207335,237,0.9957805907172996,169.02842440561244,365.8653173209516,475.98808154727567
16,generation_outage,naive_retry,558,0.9982078853046595,0,4,909.9999999999961,1633.7522441651636,1.4534050179211468,106.1820258175751,277.64647102900267,386.17660936920265,223,0.9955156950672646,164.83664294829077,308.3156275389247,415.1001729029624
17,generation_outage,naive_retry,504,0.996031746031746,0,6,832.1999999999966,1657.7689243027821,1.4662698412698412,112.98116476427231,308.2030982993547,435.1617992494348,208,0.9903846153846154,177.15641490706048,353.52443722911266,524.0314577559448
18,generation_outage,naive_retry,520,1.0,0,3,876.999999999996,1686.538461538454,1.5076923076923077,121.43790624857797,288.3360650092354,377.5104261720737,228,1.0,183.81060358771674,316.02778270125646,393.6171043422854
19,generation_outage,naive_retry,512,0.99609375,0,5,824.9999999999967,1617.647058823523,1.44140625,114.16459922958575,272.5215435356797,377.9888833038867,197,0.9898477157360406,182.57797933827533,311.4475013323122,422.82311053405124
20,generation_outage,naive_retry,521,0.9961612284069098,0,0,834.7999999999965,1608.4778420038467,1.4318618042226487,110.61583007195895,278.5768033182626,350.0482595890421,196,0.9897959183673469,187.09023701775095,315.8165670400115,359.6027352063535
21,generation_outage,naive_retry,544,0.9981617647058824,0,3,876.1999999999964,1613.6279926335108,1.4301470588235294,109.77379241139806,279.55923945579343,380.0081932777098,208,0.9951923076923077,163.57361011647959,316.064556127209,395.54588077599965
22,generation_outage,naive_retry,557,0.9982046678635548,0,5,906.9999999999959,1631.2949640287698,1.4524236983842012,113.2115864169075,274.677261107445,434.1455627364518,230,1.0,173.78866682407306,317.6919686524841,479.8512946928224
23,generation_outage,naive_retry,534,1.0,0,3,894.7999999999961,1675.6554307116032,1.4812734082397003,114.76031063339599,293.74354225698914,402.47247260712015,233,1.0,167.10916946680004,333.9775274849892,422.86098688531
24,generation_outage,naive_retry,568,0.9982394366197183,0,2,930.3999999999959,1640.917107583767,1.4577464788732395,112.08276482828478,298.88676943564155,369.6876750028289,239,0.99581589958159,180.97105663458206,340.7459425517595,384.7900778573967
25,generation_outage,naive_retry,535,0.9981308411214953,0,2,879.999999999996,1647.9400749063595,1.4635514018691589,115.50695669268146,277.6612896180893,330.43933768043826,217,1.0,168.42558396962932,296.5249394329376,448.76029608551517
26,generation_outage,naive_retry,502,0.9960159362549801,0,4,819.1999999999965,1638.399999999993,1.4601593625498008,116.15464631332543,295.82250572228236,365.70115718562505,209,0.9904306220095693,172.32350731545137,329.2945566933199,378.0420006104339
27,generation_outage,naive_retry,542,0.9981549815498155,0,6,895.9999999999961,1656.1922365988837,1.4760147601476015,119.54069632450455,282.9099928306546,398.6238088683656,243,0.9958847736625515,162.0281116334013,310.5491019693244,536.4174230128747
28,generation_outage,naive_retry,524,0.9980916030534351,0,3,858.1999999999963,1640.9177820267614,1.4618320610687023,118.59839513273664,298.39641814777656,408.18178176100105,214,0.9953271028037384,179.169648510986,341.21120401533335,417.66923975182294
29,generation_outage,naive_retry,535,0.9981308411214953,0,6,913.7999999999956,1711.2359550561716,1.5046728971962617,121.22239934383242,294.92962981535675,437.30571841716096,238,0.9957983193277311,177.95305504595308,353.2458141007237,467.2691351219539
30,generation_outage,naive_retry,512,0.998046875,0,2,862.3999999999965,1687.6712328767053,1.494140625,116.63922538747101,290.69135741272703,374.7252737474548,222,0.9954954954954955,172.6973851593948,326.4331418075817,392.81225165115393
1,generation_outage,sync_gateway,513,0.5730994152046783,0,0,515.8,1754.421768707483,1.01364522417154,72.16231140753507,170.43119268286637,235.36545179815676,212,0.0660377358490566,116.65086611653442,178.18526542618383,178.18526542618383
2,generation_outage,sync_gateway,540,0.5814814814814815,0,0,541.5999999999999,1724.8407643312098,1.0074074074074073,79.07459457542063,183.74446268911925,242.50310655288877,214,0.06542056074766354,104.0364226658703,215.63429302603208,215.63429302603208
3,generation_outage,sync_gateway,526,0.55893536121673,0,0,527.2,1793.1972789115648,1.005703422053232,76.75212748947615,170.64269712671103,234.20486118775034,219,0.0593607305936073,127.17613212889864,234.20486118775034,234.20486118775034
4,generation_outage,sync_gateway,549,0.5573770491803278,0,0,550.1999999999999,1798.0392156862742,1.005464480874317,75.80653661599024,167.8668593911384,206.54854730726856,241,0.07053941908713693,95.57792669912988,222.3861786553466,222.3861786553466
5,generation_outage,sync_gateway,522,0.5478927203065134,0,0,523.5999999999999,1830.7692307692305,1.0076628352490422,74.72072704977381,175.93602705803914,237.86025566483158,215,0.03255813953488372,97.96217878989546,199.36660678031535,199.36660678031535
6,generation_outage,sync_gateway,563,0.5719360568383659,0,0,565.7999999999998,1757.1428571428567,1.0124333925399644,80.8318259426564,165.9075658572316,206.36673169051346,239,0.07112970711297072,119.63925289639542,206.36673169051346,206.36673169051346
7,generation_outage,sync_gateway,540,0.6037037037037037,0,0,541.5999999999999,1661.3496932515334,1.0074074074074073,75.5381316438943,182.82137415778652,292.47051064139487,212,0.07075471698113207,80.16099672818518,208.26426467722513,208.26426467722513
8,generation_outage,sync_gateway,545,0.5706422018348624,0,0,547.8,1761.4147909967844,1.0128440366972478,75.78853387555272,161.78131921814565,227.49950406043496,220,0.03636363636363636,115.48274672855268,149.71855179299882,149.71855179299882
9,generation_outage,sync_gateway,595,0.534453781512605,0,0,595.4,1872.3270440251572,1.0016806722689076,75.71266548248468,162.91145022148794,246.8889401917054,273,0.06593406593406594,89.38721450519915,246.8889401917054,246.8889401917054
10,generation_outage,sync_gateway,518,0.5945945945945946,0,0,519.9999999999999,1688.311688311688,1.0096525096525097,74.20173480022459,167.77146056991478,235.44549947416058,206,0.05825242718446602,82.2003694844293,174.1628730225989,174.1628730225989
11,generation_outage,sync_gateway,542,0.533210332103321,0,0,544.0,1882.3529411764705,1.0092250922509225,73.70371566414343,169.3406363716781,245.780455024275,243,0.06995884773662552,82.26292929426609,190.55693936519583,190.55693936519583
12,generation_outage,sync_gateway,501,0.5449101796407185,0,0,502.59999999999997,1841.0256410256409,1.0079840319361277,81.59741099398718,177.77856792996363,248.19834125474642,211,0.04265402843601896,116.62938570520555,155.15318128572426,155.15318128572426
13,generation_outage,sync_gateway,540,0.5722222222222222,0,0,543.5999999999999,1759.2233009708734,1.0166666666666666,81.56311813924913,180.05358677781715,245.20430112073518,234,0.07264957264957266,126.5459752056563,374.8064161109196,374.8064161109196
14,generation_outage,sync_gateway,548,0.5711678832116789,0,0,551.1999999999999,1761.0223642172523,1.0145985401459854,76.69701831788598,175.52722529225275,248.4421097996701,229,0.056768558951965066,81.12031207566679,369.70879250803796,369.70879250803796
15,generation_outage,sync_gateway,574,0.5662020905923345,0,0,574.8,1768.6153846153845,1.0034843205574913,78.71659169723364,171.92316630537107,229.53588336330404,237,0.05907172995780591,98.9033229398683,145.57963641719243,145.57963641719243
16,generation_outage,sync_gateway,558,0.578853046594982,0,0,558.4,1728.7925696594425,1.0017921146953406,76.85433864150082,159.4749081843617,229.55018836171178,223,0.04932735426008968,91.20931091388093,209.97341009764386,209.97341009764386
17,generation_outage,sync_gateway,504,0.5734126984126984,0,0,505.2,1748.0968858131487,1.005952380952381,77.4547193918117,183.13063012488783,316.1400653469805,208,0.0625,85.2004760202044,258.7484132975228,258.7484132975228
18,generation_outage,sync_gateway,520,0.55,0,0,521.6,1823.7762237762238,1.0076923076923077,74.98759391905611,168.3858295861146,271.7327509881868,228,0.05701754385964912,83.32240337953772,268.73768606616113,268.73768606616113
19,generation_outage,sync_gateway,512,0.583984375,0,0,515.8,1725.0836120401336,1.017578125,79.8375583920897,170.4389392025601,221.63643535167057,197,0.03553299492385787,80.38114210902859,153.7899580309022,153.7899580309022
20,generation_outage,sync_gateway,521,0.5873320537428023,0,0,522.9999999999999,1709.1503267973853,1.0095969289827256,76.30671037860702,161.95603811857723,217.02756738677544,196,0.04081632653061224,84.86714521527892,227.55206481389587,227.55206481389587
21,generation_outage,sync_gateway,544,0.59375,0,0,545.6,1689.1640866873065,1.0073529411764706,74.44856690998176,175.79949768527604,226.57631453061816,208,0.08173076923076923,109.84088078189734,168.52810107150754,168.52810107150754
22,generation_outage,sync_gateway,557,0.5655296229802513,0,0,558.1999999999999,1772.0634920634918,1.0053859964093357,78.62252951976552,157.51030806141426,202.6470188910207,230,0.06086956521739131,123.98978847626222,253.5601515491735,253.5601515491735
23,generation_outage,sync_gateway,534,0.5617977528089888,0,0,534.4,1781.3333333333333,1.0018726591760299,73.425858225262,176.6340313980353,219.23242720335907,233,0.08583690987124463,86.28464061311752,162.3989653894314,218.25787811761847
24,generation_outage,sync_gateway,568,0.5721830985915493,0,0,571.4,1758.1538461538462,1.0140845070422535,74.09703405604137,160.17988794608618,216.06592109247913,239,0.07531380753138076,88.07357725199654,161.22283429218078,161.22283429218078
25,generation_outage,sync_gateway,535,0.577570093457944,0,0,538.5999999999999,1743.0420711974107,1.016822429906542,79.14627547005773,190.63702239073075,242.65555114509425,217,0.08755760368663594,81.09806108580415,320.2247150284038,320.2247150284038
26,generation_outage,sync_gateway,502,0.5756972111553785,0,0,505.19999999999993,1748.0968858131484,1.0159362549800797,76.31799949919173,160.08886911469426,200.54651267998997,209,0.0861244019138756,92.22205057874817,248.09665757616654,248.09665757616654
27,generation_outage,sync_gateway,542,0.5627306273062731,0,0,543.8,1782.950819672131,1.007380073800738,71.05617332758266,159.24021547667326,226.51058086732934,243,0.09465020576131687,77.3336939100077,156.07629044983742,559.9889066010576
28,generation_outage,sync_gateway,524,0.5954198473282443,0,0,525.5999999999999,1684.6153846153843,1.0076335877862594,76.63263877858935,174.8641875928256,241.81219232725562,214,0.056074766355140186,110.96293822333382,268.9507580278987,268.9507580278987
29,generation_outage,sync_gateway,535,0.5439252336448598,0,0,536.5999999999999,1843.9862542955323,1.0074766355140188,73.93084629542875,179.30374304671403,291.89172486385496,238,0.05042016806722689,77.90320257301437,274.8100579312454,274.8100579312454
30,generation_outage,sync_gateway,512,0.546875,0,0,514.8,1838.5714285714282,1.013671875,75.87818602865991,172.11426880348108,284.7166507808727,222,0.07657657657657657,97.59674314125004,374.7494468599566,374.7494468599566
1,generation_outage,durable_workflow,513,1.0,0,0,672.1999999999963,1310.3313840155872,1.1091617933723197,86.76344716533941,235.58984075652552,306.46257038408305,212,1.0,98.01521454885051,253.20795888540897,330.52958172883336
2,generation_outage,durable_workflow,540,1.0,0,0,697.7999999999967,1292.222222222216,1.1055555555555556,86.26442981662927,227.2526439829321,301.02254158319556,214,1.0,98.84799447571709,259.5220067487837,332.7308538230418
3,generation_outage,durable_workflow,526,0.9980988593155894,0,0,687.7999999999965,1310.0952380952315,1.1045627376425855,84.37915410348751,204.49804990013263,307.3971028648316,219,0.9954337899543378,100.51362148259227,242.9960286225937,316.19541299874675
4,generation_outage,durable_workflow,549,0.9963570127504554,0,0,721.7999999999963,1319.5612431444174,1.1074681238615665,86.06728678726154,224.0175911015349,318.9971798319906,241,0.991701244813278,98.33415863043274,247.6539818468725,332.74506220101
5,generation_outage,durable_workflow,522,1.0,0,0,680.9999999999967,1304.597701149419,1.10727969348659,90.85242130965344,225.62735471852466,353.74946250251605,215,1.0,101.90407289386735,222.48077254004966,356.98619716464873
6,generation_outage,durable_workflow,563,1.0,0,0,741.7999999999959,1317.584369449371,1.108348134991119,89.6423442533528,235.23757950263098,309.6744454057175,239,1.0,99.74159138041455,265.8448762386206,343.2086394100768
7,generation_outage,durable_workflow,540,1.0,0,1,681.1999999999971,1261.481481481476,1.0796296296296297,83.95717137127667,241.005452836352,313.1103444451418,212,1.0,102.06842127146092,249.71711761267034,295.6541240780307
8,generation_outage,durable_workflow,545,1.0,0,0,702.9999999999962,1289.9082568807269,1.0990825688073393,83.79234925761455,214.01962230350455,323.1582657900851,220,1.0,98.56082674766276,222.1317243317569,317.5462579619352
9,generation_outage,durable_workflow,595,1.0,0,0,814.5999999999949,1369.0756302520924,1.1243697478991597,92.43072205189219,220.98547409339972,295.82923727018056,273,1.0,102.13932291879814,231.93541043549362,311.261725687576
10,generation_outage,durable_workflow,518,1.0,0,0,670.5999999999971,1294.594594594589,1.113899613899614,86.53912851585619,224.75853464428337,285.05987049996395,206,1.0,95.59741558046358,250.83517238157947,299.9466419904604
11,generation_outage,durable_workflow,542,1.0,0,0,721.7999999999959,1331.7343173431657,1.1125461254612545,88.59589951987346,248.07144898579895,381.3095902831599,243,1.0,102.28950874194334,264.8786730485209,381.3095902831599
12,generation_outage,durable_workflow,501,1.0,0,0,670.3999999999963,1338.1237524950027,1.1177644710578842,87.60055446028537,231.3475186329049,350.63764160176106,211,1.0,98.63359791426547,255.64195492307385,370.76916648703764
13,generation_outage,durable_workflow,540,1.0,0,0,707.5999999999962,1310.3703703703634,1.0962962962962963,88.86865495387565,215.20119963477623,330.12589213515093,234,1.0,97.50928880072092,227.57015673877822,330.12589213515093
14,generation_outage,durable_workflow,548,1.0,0,0,727.799999999996,1328.1021897810147,1.1186131386861313,90.82664975239254,243.3193822303631,318.0844363151298,229,1.0,106.43834557167224,273.60080880444775,380.86173171017003
15,generation_outage,durable_workflow,574,0.9982578397212544,0,0,748.7999999999955,1306.8062827225053,1.1062717770034842,90.07276501151273,227.22478341236592,316.32241056336443,237,0.9957805907172996,98.46113590976756,246.17656370039163,316.32241056336443
16,generation_outage,durable_workflow,558,0.9982078853046595,0,0,734.1999999999958,1318.1328545780896,1.114695340501792,86.58531405331496,225.64635231105308,319.0854288427706,223,0.9955156950672646,98.42105905031895,238.89485732547382,312.80820353758736
17,generation_outage,durable_workflow,504,0.996031746031746,0,0,654.9999999999967,1304.7808764940173,1.1031746031746033,85.87925471961762,227.38632668801347,358.45757608047404,208,0.9903846153846154,97.64521765545942,242.58716687019273,330.81816591509914
18,generation_outage,durable_workflow,520,1.0,0,0,687.5999999999959,1322.3076923076844,1.1115384615384616,90.75585990880518,228.928854669791,381.9852989912803,228,1.0,101.39883509587389,239.09910479585074,410.5709346118929
19,generation_outage,durable_workflow,512,1.0,0,0,652.7999999999972,1274.9999999999945,1.099609375,85.69930637398329,203.18613539902162,299.94401751587975,197,1.0,96.61411925035009,253.22790789156636,311.3718301578863
20,generation_outage,durable_workflow,521,1.0,0,0,674.1999999999965,1294.0499040307034,1.1036468330134357,88.98633534675707,238.03946325072388,345.8884516429139,196,1.0,96.16508810347977,265.46674829539256,439.79493977892093
21,generation_outage,durable_workflow,544,1.0,0,0,708.5999999999966,1302.5735294117585,1.1084558823529411,79.47227225507675,233.09822807710952,311.5581898466122,208,1.0,93.17129381316659,235.51918934045102,322.4983160510683
22,generation_outage,durable_workflow,557,1.0,0,0,733.3999999999959,1316.6965888689333,1.104129263913824,84.90536378423894,232.42825400244874,330.9026299532769,230,1.0,92.03663912197726,256.4425331196637,327.2344737905794
23,generation_outage,durable_workflow,534,0.99812734082397,0,0,708.799999999996,1329.8311444652834,1.1142322097378277,85.39066180803424,216.54186968173371,356.7730542411666,233,1.0,101.86610699815287,224.5119000169384,358.6610902686955
24,generation_outage,durable_workflow,568,0.9982394366197183,0,0,748.9999999999959,1320.9876543209805,1.1109154929577465,82.83386311868162,215.7878009457163,322.6774325731669,239,1.0,94.34015749252103,255.90998045106187,325.44114648091
25,generation_outage,durable_workflow,535,1.0,0,0,731.999999999996,1368.224299065413,1.1476635514018692,90.21668409831068,239.5691667837716,346.7835132549352,217,1.0,104.31832974195947,266.3661326169189,406.3602739487435
26,generation_outage,durable_workflow,502,1.0,0,0,677.1999999999965,1349.003984063738,1.1354581673306774,86.0775954319887,246.19706921169973,355.90480217810887,209,1.0,105.94904378991373,263.86841099899016,357.38203298425424
27,generation_outage,durable_workflow,542,1.0,0,1,725.9999999999955,1339.4833948339399,1.1107011070110702,88.50116165910367,225.86282094344142,394.2270932642332,243,1.0,99.12481195151167,250.78660034844688,443.23915490029447
28,generation_outage,durable_workflow,524,1.0,0,0,677.1999999999964,1292.3664122137334,1.08206106870229,86.5497954590042,219.89605278473618,317.06808073288926,214,1.0,100.21842579641589,232.0406597888682,307.604228176392
29,generation_outage,durable_workflow,535,0.9981308411214953,0,0,703.599999999996,1317.6029962546743,1.0953271028037384,87.73393754004246,224.90805876376294,287.30467988711825,238,0.9957983193277311,98.61610612157392,224.32467759041947,324.76306808259505
30,generation_outage,durable_workflow,512,1.0,0,0,680.3999999999963,1328.906249999993,1.11328125,84.86865386016899,239.96637050243226,360.9865223206341,222,1.0,93.80586473662675,250.6155000071576,369.65643830116414
1,throttle_storm,naive_retry,1197,0.9757727652464494,0,5,1482.0000000000027,1268.8356164383586,1.5371762740183792,85.87775378129959,209.0789418035895,274.3998254964622,570,0.9491228070175438,93.48522682157181,215.87809552875433,293.32042879798064
2,throttle_storm,naive_retry,1151,0.9748045178105995,0,4,1430.2000000000016,1274.6880570409996,1.5534317984361425,83.25820892816273,198.78745397716966,285.62535850585505,579,0.9499136442141624,90.73980582983904,212.80014930160291,285.62535850585505
3,throttle_storm,naive_retry,1157,0.9783923941227312,0,5,1432.7999999999995,1265.7243816254413,1.515989628349179,83.25032576747822,183.65098501735247,268.5891115485497,582,0.9570446735395189,87.74871042204222,197.9069661150288,287.6957957715299
4,throttle_storm,naive_retry,1204,0.9709302325581395,0,8,1509.800000000002,1291.5312232677518,1.5830564784053156,85.34932823466619,192.27836618156763,277.74810192563837,640,0.9453125,89.00754541045399,198.22135506838936,270.4342552972744
5,throttle_storm,naive_retry,1123,0.9741763134461264,0,6,1390.799999999998,1271.2979890310767,1.528940338379341,83.88927195825534,196.08288183758702,296.3745145599585,564,0.9485815602836879,90.97851739240696,218.55253525082185,293.02375847581493
6,throttle_storm,naive_retry,1226,0.9469820554649266,0,5,1504.000000000002,1295.4349698535764,1.605220228384992,85.12521636067095,207.93006428970602,301.7526274028961,641,0.8985959438377535,92.65046455074162,216.9421262399428,300.63149767592074
7,throttle_storm,naive_retry,1182,0.9627749576988156,0,9,1444.6000000000008,1269.4200351493855,1.5406091370558375,83.22853225647532,190.48021910355737,287.16888111297703,611,0.9296235679214403,86.99479444024178,210.45643071047857,297.06646313946817
8,throttle_storm,naive_retry,1152,0.9739583333333334,0,7,1421.6,1267.0231729055256,1.5286458333333333,85.39518208410243,199.8486915688204,336.35791750683074,583,0.9485420240137221,90.26073677993736,217.95428273539346,386.7784912381683
9,throttle_storm,naive_retry,1236,0.9490291262135923,0,7,1529.000000000003,1303.4953111679479,1.6205501618122977,87.44785365818632,203.8691010916525,287.9164865806124,637,0.9010989010989011,96.20022813371043,217.31369665525312,366.48293954555766
10,throttle_storm,naive_retry,1187,0.9502948609941028,0,6,1422.9999999999993,1261.5248226950348,1.5745577085088458,82.84968592740825,202.7180068554003,275.4177812134376,632,0.9066455696202531,87.95072657649189,215.16868695150197,288.3340400326633
11,throttle_storm,naive_retry,1195,0.9774058577405857,0,7,1464.6000000000015,1253.938356164385,1.5364016736401673,84.45416910407721,203.20876364601395,287.88047778116515,592,0.9543918918918919,90.42417292254231,216.80639564940566,291.71922242418714
12,throttle_storm,naive_retry,1146,0.9598603839441536,0,5,1412.8000000000002,1284.3636363636365,1.5593368237347296,84.88355939188568,204.3859572886754,287.7642044596414,569,0.9226713532513181,91.0488533080104,204.20585960406015,290.74218610761045
13,throttle_storm,naive_retry,1153,0.9861231569817867,0,8,1449.0000000000018,1274.4063324538274,1.5264527320034693,83.89474103020348,198.75801568826932,277.173257448717,559,0.9731663685152058,88.68381156061787,205.83449333481076,358.2962653078587
14,throttle_storm,naive_retry,1183,0.9737954353338969,0,6,1450.7999999999997,1259.3749999999998,1.5190194420963652,84.86907334494279,198.17449117640354,292.53551484557886,571,0.9457092819614711,90.33687897244772,201.22691799877748,315.1908999162888
15,throttle_storm,naive_retry,1261,0.9547977795400476,0,2,1536.4000000000044,1276.0797342192727,1.570182394924663,82.9936559367111,201.15714095596695,269.7289655743967,622,0.9083601286173634,88.06868834180591,211.4917395014636,269.9032088909464
16,throttle_storm,naive_retry,1212,0.9694719471947195,0,4,1484.400000000002,1263.3191489361718,1.533828382838284,82.14111711912619,195.5856070967493,276.38007628252626,590,0.9372881355932203,90.81930651672928,220.05881215554427,283.708079218502
17,throttle_storm,naive_retry,1128,0.973404255319149,0,7,1405.3999999999983,1279.9635701275029,1.523936170212766,83.97976035549982,200.8631688640162,303.42027179539537,575,0.9478260869565217,89.91717433454687,212.8127554920179,303.42027179539537
18,throttle_storm,naive_retry,1161,0.9870801033591732,0,7,1450.7999999999997,1265.9685863874345,1.5021533161068046,82.36659561298643,206.6431720998678,334.0727862112882,545,0.9743119266055046,87.4968379583288,216.86450804954507,334.0727862112882
19,throttle_storm,naive_retry,1185,0.9578059071729957,0,9,1448.1999999999994,1275.9471365638763,1.5578059071729957,82.94280634716279,197.15208353808703,309.15577328068434,610,0.9180327868852459,89.35907368495009,213.79701120037862,402.94432119866815
20,throttle_storm,naive_retry,1168,0.9828767123287672,0,3,1440.1999999999996,1254.5296167247384,1.509417808219178,84.58927539985848,192.4645286340865,265.94580506868624,561,0.964349376114082,88.36000449728272,198.54608354112997,256.430426541407
21,throttle_storm,naive_retry,1189,0.9579478553406223,0,4,1451.600000000001,1274.4512730465328,1.554247266610597,84.29022471618475,190.93115541500583,268.62113906120635,611,0.9181669394435352,91.56948750396282,198.77346320290712,285.46979718238845
22,throttle_storm,naive_retry,1174,0.965076660988075,0,6,1434.1999999999998,1265.8428949691083,1.559625212947189,86.83636167494933,203.89986833658622,273.57047253455494,597,0.931323283082077,93.33628257171858,218.6760641081769,276.9666611345119
23,throttle_storm,naive_retry,1207,0.9784589892294946,0,3,1484.6000000000026,1257.070279424219,1.531897265948633,80.60418962422955,199.2393786001844,267.0757955377644,594,0.9562289562289562,89.72247426443073,210.7427021127546,273.0416432718712
24,throttle_storm,naive_retry,1243,0.9670152855993563,0,3,1525.6000000000035,1269.2179700499198,1.5623491552695092,83.2177173969211,192.99834954358448,257.2805218348151,616,0.9334415584415584,90.11610745663688,209.77081598624977,259.8830412380062
25,throttle_storm,naive_retry,1215,0.9604938271604938,0,5,1497.4000000000024,1283.1191088260516,1.5695473251028806,83.9930879487381,206.29892256791868,315.78031056997906,617,0.9238249594813615,89.30654367696002,217.0837808817596,300.348579038377
26,throttle_storm,naive_retry,1111,0.9774977497749775,0,0,1347.199999999996,1240.5156537753187,1.4896489648964897,83.83092352876565,196.99277991774898,258.7094947063606,560,0.9553571428571429,91.94191827018358,199.73730117938317,258.7094947063606
27,throttle_storm,naive_retry,1178,0.9626485568760611,0,4,1436.8000000000002,1267.0194003527338,1.5492359932088284,82.18457145320872,192.01377713166767,265.2376454896921,599,0.9265442404006677,88.03575922014647,209.82221938028692,282.0371599550799
28,throttle_storm,naive_retry,1123,0.9884238646482636,0,6,1368.999999999997,1233.3333333333308,1.4683882457702582,82.79349758155028,202.21524480005849,286.5693381505778,545,0.9761467889908257,90.61650536096954,220.09605278473646,286.5693381505778
29,throttle_storm,naive_retry,1144,0.9825174825174825,0,6,1438.0000000000002,1279.3594306049824,1.5323426573426573,82.48569489483691,209.56495087301096,293.7871588126633,562,0.9644128113879004,88.61998685146091,217.02178701081436,370.8976839004238
30,throttle_storm,naive_retry,1159,0.9646246764452114,0,4,1405.9999999999986,1257.6028622540239,1.5228645383951682,81.14086832019655,193.82424068730006,284.2461016621546,585,0.9299145299145299,87.3349134941841,198.22246342407288,284.2461016621546
1,throttle_storm,sync_gateway,1197,0.9624060150375939,0,0,1424.799999999999,1236.8055555555547,1.4803675856307434,83.26646158416656,188.00304928380774,266.1110619211472,570,0.956140350877193,90.37414141252339,201.8539717202625,269.13321647427165
2,throttle_storm,sync_gateway,1151,0.9539530842745438,0,0,1371.1999999999982,1248.8160291438962,1.4995655951346656,81.09824066307385,177.90111588425157,251.1119120697458,579,0.9360967184801382,88.20713807646644,194.16813397147257,285.07324536653414
3,throttle_storm,sync_gateway,1157,0.9490060501296457,0,0,1357.9999999999968,1236.7941712203979,1.4909248055315472,82.54441067235985,181.1828215212529,260.0563413958598,582,0.9381443298969072,89.10428364245013,192.54626405873842,260.4096635546166
4,throttle_storm,sync_gateway,1204,0.9501661129568106,0,0,1449.3999999999996,1266.9580419580418,1.5722591362126246,84.5881841261662,193.70666423540524,277.97844392614843,640,0.928125,90.42630193709556,202.16708926564252,279.6890313616409
5,throttle_storm,sync_gateway,1123,0.9554764024933214,0,0,1334.5999999999956,1243.8024231127638,1.4942119323241319,83.90085760199554,195.40814670275722,261.9135688194464,564,0.9414893617021277,89.01249201029168,222.8840736504394,266.0892503821167
6,throttle_storm,sync_gateway,1226,0.9290375203915171,0,0,1436.599999999999,1261.2818261633004,1.5554649265905383,83.39422856099145,201.3881824627922,277.08879281924646,641,0.8954758190327613,90.45175656642095,214.6571318933918,304.6084035324061
7,throttle_storm,sync_gateway,1182,0.9314720812182741,0,0,1377.9999999999975,1251.5894641235218,1.5363790186125212,84.30111634246396,186.9268437163896,274.876675702597,611,0.8936170212765957,92.02298689530062,209.35573291456808,307.8755393846641
8,throttle_storm,sync_gateway,1152,0.9600694444444444,0,0,1370.7999999999972,1239.4213381555128,1.4921875,83.96355566096099,181.2240334637322,222.33172433175696,583,0.9519725557461407,91.08806442403852,185.82888820820563,262.4989693083678
9,throttle_storm,sync_gateway,1236,0.9352750809061489,0,0,1466.0000000000007,1268.1660899653987,1.5550161812297734,84.04950091106457,192.50210819825952,273.4600442025403,637,0.9089481946624803,93.85764794045167,208.62767338378808,304.1390720670074
10,throttle_storm,sync_gateway,1187,0.932603201347936,0,0,1397.3999999999983,1262.3306233062315,1.561920808761584,84.97558651810641,197.67911506474707,293.57135005631017,632,0.8971518987341772,93.42125926198742,209.37628742540323,348.282259887535
11,throttle_storm,sync_gateway,1195,0.9548117154811715,0,0,1411.999999999999,1237.5109553023656,1.5322175732217573,84.26073649460909,186.88030757374975,295.3094876215332,592,0.9307432432432432,92.83637061954278,200.49691429897882,306.4538752735539
12,throttle_storm,sync_gateway,1146,0.9450261780104712,0,0,1340.7999999999963,1238.0424746075682,1.4816753926701571,82.23407459110831,200.7915512282732,251.15340415046603,569,0.9209138840070299,88.61873239241777,212.94507619742876,255.84195492307379
13,throttle_storm,sync_gateway,1153,0.9609713790112749,0,0,1372.9999999999968,1239.16967509025,1.4709453599306157,82.62662022652239,202.41991364811474,294.2451613448825,559,0.9570661896243292,90.30012907341825,221.77080838029678,320.6388267444486
14,throttle_storm,sync_gateway,1183,0.9492814877430262,0,0,1405.599999999998,1251.6473731077454,1.514792899408284,86.37547204130033,204.19990553994785,279.99044695610564,571,0.9352014010507881,95.05723464225957,228.29079148882875,308.84603346765607
15,throttle_storm,sync_gateway,1261,0.9405233941316415,0,0,1505.4000000000026,1269.3086003372703,1.5408406026962729,81.83948667506809,188.6714918677667,266.80526242819815,622,0.9180064308681672,89.30634331957799,205.90554772262408,302.1378989957932
16,throttle_storm,sync_gateway,1212,0.9579207920792079,0,0,1448.4000000000005,1247.5452196382432,1.5115511551155116,84.1345277249784,182.9296106577117,275.39941595125345,590,0.940677966101695,87.19312078761823,209.97341009764364,312.07994875166514
17,throttle_storm,sync_gateway,1128,0.9618794326241135,0,0,1356.5999999999965,1250.322580645158,1.4929078014184398,80.64273441725618,190.26646640587637,281.9630138435775,575,0.9547826086956521,85.35553881292208,196.46657849185067,281.9630138435775
18,throttle_storm,sync_gateway,1161,0.967269595176572,0,0,1386.9999999999982,1235.0845948352612,1.4745908699397072,83.15071772190436,194.47436990576034,273.1787243775823,545,0.963302752293578,90.92867155797217,207.35693288591028,298.78028953442026
19,throttle_storm,sync_gateway,1185,0.9443037974683545,0,0,1403.9999999999977,1254.6916890080408,1.539240506329114,83.76756165042116,190.4658566317894,278.84992859800434,610,0.9180327868852459,89.48190927672044,206.08300910008757,295.76531405393007
20,throttle_storm,sync_gateway,1168,0.9554794520547946,0,0,1382.799999999997,1239.0681003584202,1.4717465753424657,84.15967422272615,186.87221021836808,253.12272956055278,561,0.9376114081996435,88.81318035360664,198.3180328183173,269.6190149047479
21,throttle_storm,sync_gateway,1189,0.9529015979814971,0,0,1403.9999999999984,1239.1879964695486,1.4978973927670312,81.63421263788769,193.69443979397215,284.3037791849388,611,0.9263502454991817,87.27784921462853,219.39375994653392,292.13826461361873
22,throttle_storm,sync_gateway,1174,0.9625212947189097,0,0,1388.3999999999978,1228.6725663716795,1.4863713798977853,81.9193435501171,191.99642620116492,270.50815292866605,597,0.948073701842546,83.79025162496828,209.1830113991182,271.3912302840358
23,throttle_storm,sync_gateway,1207,0.9469759734879868,0,0,1439.0,1258.9676290463692,1.531897265948633,84.40341061992694,187.04333419508805,251.50376893798284,594,0.9276094276094277,92.36261786080468,197.22550153160705,278.27906381085154
24,throttle_storm,sync_gateway,1243,0.9573612228479486,0,0,1502.0000000000036,1262.1848739495829,1.5221238938053097,83.11805110074101,190.91333161548027,277.0472409664851,616,0.9448051948051948,88.49989922957138,207.13308091438626,318.95574932310547
25,throttle_storm,sync_gateway,1215,0.9358024691358025,0,0,1433.5999999999992,1260.8619173262964,1.5604938271604938,85.17726079781119,205.68873301953727,275.92112559659495,617,0.9027552674230146,92.19008972679035,225.38320110545487,282.31977621444366
26,throttle_storm,sync_gateway,1111,0.9558955895589559,0,0,1296.1999999999941,1220.5273069679795,1.4644464446444645,81.49558553384179,193.8453171713536,263.815663558456,560,0.9339285714285714,89.66403316329547,216.33651104459318,284.71394126690825
27,throttle_storm,sync_gateway,1178,0.9541595925297114,0,0,1406.7999999999984,1251.601423487543,1.5203735144312394,82.54896412359449,190.64717754916433,275.8402391223267,599,0.9332220367278798,89.2621770943341,210.78778756610996,290.1228802381561
28,throttle_storm,sync_gateway,1123,0.9572573463935886,0,0,1322.7999999999947,1230.5116279069719,1.4532502226179875,80.92051748318545,190.88515577830003,268.6258095240328,545,0.9376146788990826,88.07890970698736,207.28769700130852,271.4516905222249
29,throttle_storm,sync_gateway,1144,0.9685314685314685,0,0,1365.3999999999976,1232.3104693140772,1.4816433566433567,84.2535493333911,187.6987061567679,294.1490373816673,562,0.9644128113879004,90.95270155730373,206.3843709824332,331.83898852540824
30,throttle_storm,sync_gateway,1159,0.9413287316652287,0,0,1370.799999999997,1256.4619615032054,1.5358067299396032,86.34279945454227,204.34534468498487,289.08866223521864,585,0.9179487179487179,100.1674551507108,212.9321238765874,305.436109353087
1,throttle_storm,durable_workflow,1197,1.0,0,0,1580.8000000000065,1320.6349206349262,1.6399331662489558,96.65603279332197,234.160311265495,326.3745452313656,570,1.0,112.33118718322203,255.46180449524672,356.641602109172
2,throttle_storm,durable_workflow,1151,1.0,0,0,1518.4000000000046,1319.2006950477885,3.2728062554300608,113.20411841760415,242.95899231585554,345.92659419940037,579,1.0,146.76405337693495,290.0540849794272,367.55654351046223
3,throttle_storm,durable_workflow,1157,1.0,0,0,1495.4000000000037,1292.4805531547136,1.6646499567847883,91.97498736207353,221.06846514868766,319.6096361864943,582,1.0,107.57858119759271,240.20370055103376,319.71041051373913
4,throttle_storm,durable_workflow,1204,1.0,0,0,1583.0000000000066,1314.7840531561517,3.9003322259136213,119.87141496763434,257.08641350614107,369.9342861989858,640,1.0,149.71928078496126,284.4884997160502,402.9016225335845
5,throttle_storm,durable_workflow,1123,0.9991095280498664,0,0,1452.0000000000023,1294.1176470588257,1.3223508459483526,86.29542474841355,208.94849400322892,296.3745145599585,564,1.0,95.61731882058712,224.04102547162142,325.45026315510256
6,throttle_storm,durable_workflow,1226,1.0,0,0,1632.6000000000067,1331.6476345840185,5.5505709624796085,142.45927591293025,302.2045398127533,381.4540358615909,641,1.0,193.81807235944734,321.31691725513883,408.9782462279536
7,throttle_storm,durable_workflow,1182,1.0,0,0,1546.2000000000048,1308.1218274111716,3.8654822335025383,120.05486808700016,272.0403291293037,363.701193920268,611,1.0,158.3714244789353,306.1566549363388,388.9624665620281
8,throttle_storm,durable_workflow,1152,1.0,0,0,1495.4000000000035,1298.0902777777808,1.8229166666666667,94.1134996066653,220.68147716004205,343.86222742208315,583,1.0,110.58099561113704,244.3281620087364,372.37567945130786
9,throttle_storm,durable_workflow,1236,1.0,0,0,1660.6000000000085,1343.5275080906217,7.044498381877022,153.48721960960006,326.831253558551,436.80782529567796,637,1.0,222.59435445031863,369.7451404653889,461.94906469014904
10,throttle_storm,durable_workflow,1187,1.0,0,0,1571.0000000000061,1323.5046335299126,4.997472620050548,122.45448281316794,289.8841649043711,401.9182718328857,632,1.0,171.03153813440736,337.4050874471113,434.34238731998266
11,throttle_storm,durable_workflow,1195,1.0,0,0,1564.2000000000053,1308.953974895402,2.9305439330543934,109.33263386002363,243.31199164150348,388.44873754759556,592,1.0,140.3072711123666,278.54114838191344,428.79732244280694
12,throttle_storm,durable_workflow,1146,1.0,0,0,1519.0000000000045,1325.4799301919759,1.9284467713787086,97.69372052599056,239.84411871729526,343.58546225134523,569,1.0,114.07729717362213,250.99393277341915,357.137574190592
13,throttle_storm,durable_workflow,1153,0.9991326973113617,0,0,1514.0000000000048,1314.2361111111152,1.4752818733738076,92.73520943331164,223.6031204058949,345.6850686915009,559,1.0,104.39387245819194,253.50522753045766,361.97355465816327
14,throttle_storm,durable_workflow,1183,0.9991546914623838,0,0,1546.0000000000057,1307.9526226734397,1.5207100591715976,97.81820286329958,222.53225090942624,317.109239628684,571,1.0,111.98919858228578,242.45506556052646,317.109239628684
15,throttle_storm,durable_workflow,1261,1.0,0,0,1680.2000000000094,1332.4345757335523,3.551942902458366,117.15404669785201,257.3829224134231,346.0184774564948,622,1.0,151.03756974012185,297.64760167892473,405.80714796273924
16,throttle_storm,durable_workflow,1212,0.9991749174917491,0,0,1580.000000000006,1304.7068538398069,1.7013201320132014,93.94478795881457,220.94156185520524,304.0792001066884,590,1.0,109.0124348123777,258.4045804022653,354.73211377483403
17,throttle_storm,durable_workflow,1128,1.0,0,0,1456.2000000000019,1290.9574468085123,1.2207446808510638,90.67285590968191,201.49197485913976,283.83035886641824,575,1.0,95.05574803820605,214.9764154524105,288.42700706949995
18,throttle_storm,durable_workflow,1161,1.0,0,0,1504.4000000000037,1295.7795004306665,1.20671834625323,85.39590503791396,214.02105671741265,313.8650225195927,545,1.0,96.61429925083075,235.65520507165093,329.27070968886596
19,throttle_storm,durable_workflow,1185,1.0,0,0,1536.200000000004,1296.371308016881,2.9274261603375527,106.90527767780134,247.0596573152552,316.62695549152977,610,1.0,132.1503637735325,265.1857581668696,348.2321479444802
20,throttle_storm,durable_workflow,1168,0.9991438356164384,0,0,1523.4000000000049,1305.3984575835518,1.2251712328767124,88.49531538823356,216.7498984509416,285.8707525663334,561,0.9982174688057041,93.19872455189511,225.7848486089065,296.33429292184064
21,throttle_storm,durable_workflow,1189,1.0,0,0,1577.8000000000054,1326.997476871325,3.6804037005887302,113.66798330788674,264.19417459878514,344.323781968661,611,1.0,154.04539416653984,293.00310745345564,367.5039568676857
22,throttle_storm,durable_workflow,1174,1.0,0,0,1515.6000000000045,1290.9710391822866,1.5425894378194207,92.01263831806475,212.15116039974055,295.97570712022207,597,1.0,107.66488032286111,241.9023174027734,304.07218185900797
23,throttle_storm,durable_workflow,1207,1.0,0,0,1581.600000000007,1310.3562551781333,2.3827671913835955,103.72551682508742,236.6575647710963,328.0834041208261,594,1.0,127.90969315282518,277.1037694371753,401.77986817599526
24,throttle_storm,durable_workflow,1243,1.0,0,1,1638.000000000007,1317.7795655671819,4.745776347546259,123.08056278505084,292.00146031902204,408.62467167309615,616,1.0,182.94768826303607,335.0882834992126,435.92276692699306
25,throttle_storm,durable_workflow,1215,1.0,0,0,1603.2000000000075,1319.5061728395124,2.8781893004115227,106.55671681244257,240.78277666729446,325.75373716203626,617,1.0,134.74535467115857,280.5437718159842,369.1513962936592
26,throttle_storm,durable_workflow,1111,1.0,0,0,1462.8000000000025,1316.6516651665188,1.2754275427542754,91.80216570631728,207.7693151861231,292.3188278791481,560,1.0,96.6979432406306,222.20822938842548,320.45548742669416
27,throttle_storm,durable_workflow,1178,1.0,0,2,1557.000000000005,1321.7317487266596,3.2538200339558574,116.86696963177496,254.0499914966813,367.641902515913,599,1.0,147.08438877608432,278.2973920776035,370.7422070449418
28,throttle_storm,durable_workflow,1123,1.0,0,0,1438.000000000002,1280.4986642920767,1.6322350845948352,89.99026142905291,210.6673765678961,305.81782658766997,545,1.0,110.33834815790306,226.48846618696416,354.48810964521726
29,throttle_storm,durable_workflow,1144,1.0,0,0,1470.800000000003,1285.6643356643383,1.3409090909090908,88.79456873900472,199.20267988994965,325.16188108124425,562,1.0,99.65716731082875,215.17547291925894,350.19723873722955
30,throttle_storm,durable_workflow,1159,1.0,0,0,1502.8000000000031,1296.6350301984496,1.6125970664365832,93.04545309146226,223.56745391913182,323.0717166888862,585,1.0,108.41283907922434,243.36552950602095,325.53975251009297
1,webhook_loss,naive_retry,513,0.9980506822612085,0,52,622.5999999999991,1216.0156249999982,1.1598440545808968,80.97467510188733,393.33746910667605,542.3192160196072,,,,,
2,webhook_loss,naive_retry,540,1.0,0,53,648.5999999999991,1201.1111111111095,1.1407407407407408,83.42920788460242,391.2017317349314,685.5751528038054,,,,,
3,webhook_loss,naive_retry,526,0.9961977186311787,0,57,630.5999999999991,1203.4351145038152,1.1425855513307985,81.3394145421637,403.99278126801164,552.4766095059165,,,,,
4,webhook_loss,naive_retry,549,1.0,0,39,625.5999999999995,1139.5264116575584,1.1001821493624773,77.56872880964738,380.48576773719424,485.9795640331547,,,,,
5,webhook_loss,naive_retry,522,1.0,0,44,603.3999999999993,1155.9386973180065,1.1149425287356323,83.3738828684127,382.925115221453,471.15469651146725,,,,,
6,webhook_loss,naive_retry,563,1.0,0,58,665.799999999999,1182.593250444048,1.133214920071048,84.75137836319163,409.03312786641936,514.6158384377766,,,,,
7,webhook_loss,naive_retry,540,0.9962962962962963,0,55,638.7999999999993,1187.3605947955377,1.1277777777777778,78.82323188571661,380.661234179011,483.2288906474265,,,,,
8,webhook_loss,naive_retry,545,0.998165137614679,0,54,645.1999999999991,1186.0294117647043,1.1357798165137614,82.66582288621862,392.7401844803603,484.6500982829772,,,,,
9,webhook_loss,naive_retry,595,0.9983193277310924,0,57,713.7999999999989,1201.6835016834998,1.1428571428571428,82.76776586202891,389.40734612140704,703.5832634041981,,,,,
10,webhook_loss,naive_retry,518,0.9961389961389961,0,55,619.1999999999991,1199.9999999999984,1.1428571428571428,79.30964712150762,402.45563912789396,671.92856716652,,,,,
11,webhook_loss,naive_retry,542,0.9981549815498155,0,61,655.599999999999,1211.829944547133,1.1476014760147601,84.54495626375274,389.4862110275194,665.7540658585158,,,,,
12,webhook_loss,naive_retry,501,0.998003992015968,0,43,594.3999999999993,1188.7999999999986,1.1377245508982037,84.65040507918593,385.6192257349776,539.1873551605746,,,,,
13,webhook_loss,naive_retry,540,1.0,0,66,667.1999999999988,1235.5555555555534,1.1685185185185185,85.34840970132859,414.7794302363782,509.572956062555,,,,,
14,webhook_loss,naive_retry,548,1.0,0,61,670.999999999999,1224.4525547445237,1.1642335766423357,88.63133813096101,399.06974788380967,576.2173994025077,,,,,
15,webhook_loss,naive_retry,574,0.9965156794425087,0,46,675.799999999999,1181.4685314685298,1.1306620209059233,84.30957278740789,376.85059378160554,480.21979287099634,,,,,
16,webhook_loss,naive_retry,558,0.9982078853046595,0,58,672.799999999999,1207.8994614003573,1.1487455197132617,82.66556712461488,398.48649444916964,529.5600884147589,,,,,
17,webhook_loss,naive_retry,504,0.996031746031746,0,43,595.5999999999993,1186.4541832669308,1.130952380952381,80.9240412419972,381.94833131238556,467.08217198536977,,,,,
18,webhook_loss,naive_retry,520,0.9980769230769231,0,48,609.1999999999994,1173.7957610789967,1.1211538461538462,81.77444745592425,391.7902107485668,458.85974917385875,,,,,
19,webhook_loss,naive_retry,512,0.998046875,0,45,605.7999999999992,1185.5185909980414,1.1328125,81.62999631483854,399.9056877735886,518.7933555216717,,,,,
20,webhook_loss,naive_retry,521,1.0,0,34,591.3999999999993,1135.124760076774,1.1055662188099808,81.1457668000644,363.3153449011204,430.3948639522929,,,,,
21,webhook_loss,naive_retry,544,1.0,0,41,644.3999999999993,1184.5588235294103,1.1360294117647058,82.04310726908648,374.53366485585923,547.7376676453675,,,,,
22,webhook_loss,naive_retry,557,0.9982046678635548,0,56,662.1999999999991,1191.0071942446027,1.1364452423698383,82.41369141496466,406.24231563959256,524.6388311519377,,,,,
23,webhook_loss,naive_retry,534,1.0,0,44,614.1999999999992,1150.1872659176015,1.1086142322097379,81.90734915227813,394.2016175003853,487.79581384235644,,,,,
24,webhook_loss,naive_retry,568,1.0,0,45,661.999999999999,1165.492957746477,1.125,80.67404643788404,358.83685604503495,459.56098707556407,,,,,
25,webhook_loss,naive_retry,535,0.9981308411214953,0,61,654.599999999999,1225.8426966292116,1.1626168224299065,86.66819068750942,397.98174269128776,535.0356211846615,,,,,
26,webhook_loss,naive_retry,502,0.99800796812749,0,43,590.5999999999993,1178.8423153692602,1.1254980079681276,82.47628045691226,391.93619607558776,495.1824181990519,,,,,
27,webhook_loss,naive_retry,542,0.9981549815498155,0,53,643.9999999999992,1190.3881700554516,1.1402214022140222,78.37979228571949,375.56898677201025,699.9076963009447,,,,,
28,webhook_loss,naive_retry,524,0.9980916030534351,0,47,606.5999999999993,1159.8470363288707,1.118320610687023,80.14622109567154,388.34702715826063,519.8261276486664,,,,,
29,webhook_loss,naive_retry,535,0.994392523364486,0,60,646.1999999999991,1214.6616541353367,1.1495327102803738,80.33692609737955,398.3766564826519,471.543600032722,,,,,
30,webhook_loss,naive_retry,512,1.0,0,40,595.7999999999994,1163.6718749999989,1.125,78.40752154514371,369.33681960857325,493.04947336117334,,,,,
1,webhook_loss,sync_gateway,513,0.8810916179337231,47,0,516.1999999999999,1142.0353982300883,1.0155945419103314,75.57448227680027,161.58780644147282,271.89381302655516,,,,,
2,webhook_loss,sync_gateway,540,0.8907407407407407,45,0,542.8,1128.4823284823285,1.012962962962963,75.96514524299619,158.79088980076222,226.954465176933,,,,,
3,webhook_loss,sync_gateway,526,0.8897338403041825,44,0,528.0,1128.2051282051282,1.0095057034220531,76.39831930473338,171.88671979075843,275.3680256673549,,,,,
4,webhook_loss,sync_gateway,549,0.8925318761384335,43,0,552.1999999999999,1126.938775510204,1.0145719489981786,77.06953393320237,171.56358790434183,213.0131435272251,,,,,
5,webhook_loss,sync_gateway,522,0.9157088122605364,36,0,524.7999999999998,1097.9079497907946,1.0134099616858236,74.74667127852126,178.47901184223485,229.81567658679865,,,,,
6,webhook_loss,sync_gateway,563,0.8952042628774423,44,0,564.9999999999999,1121.0317460317458,1.0088809946714032,76.39306100550857,184.36936883790037,237.69464104766655,,,,,
7,webhook_loss,sync_gateway,540,0.9,43,0,541.9999999999999,1115.2263374485594,1.0092592592592593,76.8685445388951,170.72837347139648,218.07262495282157,,,,,
8,webhook_loss,sync_gateway,545,0.8752293577981651,47,0,547.8,1148.427672955975,1.0128440366972478,76.69480051605524,167.58816761802575,219.2033370414709,,,,,
9,webhook_loss,sync_gateway,595,0.9092436974789916,38,0,595.8,1101.2939001848426,1.0033613445378151,74.5316498701593,162.51592696817352,217.9320361124519,,,,,
10,webhook_loss,sync_gateway,518,0.8803088803088803,47,0,519.9999999999999,1140.3508771929821,1.0096525096525097,76.53893714305559,189.2072439210924,261.5658254168766,,,,,
11,webhook_loss,sync_gateway,542,0.9114391143911439,39,0,545.1999999999999,1103.6437246963562,1.014760147601476,74.57184252293268,167.69254508580752,295.495426914669,,,,,
12,webhook_loss,sync_gateway,501,0.8982035928143712,35,0,503.19999999999993,1118.222222222222,1.0099800399201597,79.79411394134377,194.7683804189978,273.63802067575534,,,,,
13,webhook_loss,sync_gateway,540,0.8796296296296297,49,0,542.0,1141.0526315789473,1.0092592592592593,79.03031730688895,180.91470059150674,217.97712369004512,,,,,
14,webhook_loss,sync_gateway,548,0.8813868613138686,44,0,550.8,1140.3726708074532,1.0127737226277371,75.855541460327,169.48807352580855,227.21456249009498,,,,,
15,webhook_loss,sync_gateway,574,0.8937282229965157,44,0,576.0,1122.8070175438595,1.0087108013937283,79.35440379072315,170.61162938355096,240.28996914833806,,,,,
16,webhook_loss,sync_gateway,558,0.8709677419354839,52,0,559.5999999999999,1151.4403292181069,1.007168458781362,75.71160031375666,151.49875042168378,202.9264085126906,,,,,
17,webhook_loss,sync_gateway,504,0.8849206349206349,41,0,506.0,1134.5291479820628,1.0099206349206349,76.71536713873866,184.55665940650624,260.873059134669,,,,,
18,webhook_loss,sync_gateway,520,0.9153846153846154,34,0,522.4,1097.4789915966385,1.0115384615384615,79.66556002004836,191.51053973224043,271.7327509881868,,,,,
19,webhook_loss,sync_gateway,512,0.88671875,40,0,515.0,1134.3612334801762,1.013671875,77.9032795436226,163.31702868482762,232.13753336807895,,,,,
20,webhook_loss,sync_gateway,521,0.8618042226487524,56,0,523.3999999999999,1165.7015590200442,1.0115163147792707,78.98094465200029,186.59962112840412,254.60729876193136,,,,,
21,webhook_loss,sync_gateway,544,0.8915441176470589,42,0,545.9999999999999,1125.7731958762884,1.0091911764705883,76.95998851531476,170.1519377810423,240.80618064463624,,,,,
22,webhook_loss,sync_gateway,557,0.9030520646319569,49,0,557.8,1108.9463220675943,1.0035906642728905,77.80447642517072,162.71340739838024,263.9010159836812,,,,,
23,webhook_loss,sync_gateway,534,0.9082397003745318,36,0,536.1999999999999,1105.5670103092782,1.0093632958801497,76.00949489839354,168.4932325559214,235.10836258629115,,,,,
24,webhook_loss,sync_gateway,568,0.8996478873239436,43,0,570.4,1116.2426614481408,1.0105633802816902,72.95617270258344,163.31476979761396,241.55728922582057,,,,,
25,webhook_loss,sync_gateway,535,0.8934579439252337,43,0,537.8,1125.1046025104602,1.0130841121495326,78.70457711275986,179.49359847967162,262.98241920463806,,,,,
26,webhook_loss,sync_gateway,502,0.8924302788844621,33,0,504.4,1125.892857142857,1.0119521912350598,75.30003401192744,161.95567737959163,230.88046407490674,,,,,
27,webhook_loss,sync_gateway,542,0.8837638376383764,50,0,544.4,1136.5344467640919,1.011070110701107,74.53023076599038,174.04579285792715,329.96147715091865,,,,,
28,webhook_loss,sync_gateway,524,0.9026717557251909,40,0,525.2,1110.3594080338269,1.0057251908396947,76.31099333124439,166.66388012748848,232.99687172102063,,,,,
29,webhook_loss,sync_gateway,535,0.8859813084112149,41,0,537.8,1134.5991561181434,1.0130841121495326,76.81510647309437,164.96906927539732,234.14728903242758,,,,,
30,webhook_loss,sync_gateway,512,0.8828125,44,0,514.4,1138.0530973451325,1.01171875,76.11462848897054,200.26974488426367,294.5085692096045,,,,,
1,webhook_loss,durable_workflow,513,1.0,0,0,543.1999999999997,1058.8693957115004,1.0545808966861598,83.57615317814145,269.5640359495892,347.4407311320975,,,,,
2,webhook_loss,durable_workflow,540,1.0,0,0,559.1999999999997,1035.5555555555552,1.0333333333333334,82.53999539643087,266.10884168293387,355.38479589311873,,,,,
3,webhook_loss,durable_workflow,526,1.0,0,0,540.7999999999998,1028.1368821292774,1.0247148288973384,80.84531643864534,283.14009212782094,360.71321515656973,,,,,
4,webhook_loss,durable_workflow,549,1.0,0,0,576.3999999999999,1049.9089253187612,1.0382513661202186,83.584413533114,282.4888836945138,373.28931906457683,,,,,
5,webhook_loss,durable_workflow,522,1.0,0,0,551.5999999999997,1056.7049808429113,1.0459770114942528,81.14388049108175,257.72725968548957,325.82520946439945,,,,,
6,webhook_loss,durable_workflow,563,1.0,0,0,584.7999999999998,1038.7211367673176,1.0319715808170515,84.9963901683875,263.98818895508884,347.99905731417084,,,,,
7,webhook_loss,durable_workflow,540,1.0,0,0,557.9999999999998,1033.333333333333,1.0277777777777777,81.16315018096134,271.0253333617635,350.44155838337883,,,,,
8,webhook_loss,durable_workflow,545,1.0,0,0,575.9999999999998,1056.8807339449538,1.0458715596330275,80.63928498061159,248.08381283963809,360.0499109482739,,,,,
9,webhook_loss,durable_workflow,595,1.0,0,0,629.7999999999997,1058.4873949579828,1.0470588235294118,85.0436933516171,272.14199488027566,326.2901685222041,,,,,
10,webhook_loss,durable_workflow,518,1.0,0,0,543.3999999999997,1049.0347490347485,1.0444015444015444,80.94095577730013,276.0644577650851,350.7062396960853,,,,,
11,webhook_loss,durable_workflow,542,1.0,0,0,569.5999999999997,1050.9225092250915,1.0461254612546125,81.72970665620187,248.87052802407015,315.94011084827025,,,,,
12,webhook_loss,durable_workflow,501,1.0,0,0,530.1999999999998,1058.2834331337322,1.0499001996007984,78.47365881413998,273.63802067575534,361.5027411558799,,,,,
13,webhook_loss,durable_workflow,540,1.0,0,0,561.1999999999999,1039.2592592592591,1.0351851851851852,83.57927843085918,275.02316851048363,363.1071938787504,,,,,
14,webhook_loss,durable_workflow,548,1.0,0,0,577.9999999999997,1054.7445255474445,1.0474452554744527,84.80556939989947,269.43798916259175,357.02996057306416,,,,,
15,webhook_loss,durable_workflow,574,1.0,0,0,601.1999999999997,1047.386759581881,1.0400696864111498,78.95783215840038,251.78459564839952,334.0907085822082,,,,,
16,webhook_loss,durable_workflow,558,1.0,0,0,592.1999999999997,1061.2903225806447,1.0519713261648747,85.03147766993243,265.4496915155898,370.74001255986224,,,,,
17,webhook_loss,durable_workflow,504,1.0,0,0,534.5999999999998,1060.7142857142853,1.0476190476190477,78.90271292309944,258.7484132975228,335.6802781442675,,,,,
18,webhook_loss,durable_workflow,520,1.0,0,0,542.3999999999999,1043.0769230769229,1.0326923076923078,82.56012399584324,271.7327509881868,424.95801388267967,,,,,
19,webhook_loss,durable_workflow,512,0.99609375,1,0,538.5999999999999,1056.078431372549,1.05078125,80.85512129822632,278.8499285980042,340.4177776838518,,,,,
20,webhook_loss,durable_workflow,521,1.0,0,0,549.7999999999997,1055.2783109404986,1.0460652591170825,86.72518276268988,279.1327323811281,347.19285273622916,,,,,
21,webhook_loss,durable_workflow,544,1.0,0,0,571.7999999999998,1051.1029411764703,1.0441176470588236,79.39881992630342,267.1813953778865,359.34559789114064,,,,,
22,webhook_loss,durable_workflow,557,1.0,0,0,577.4,1036.624775583483,1.0197486535008977,78.5696830863642,264.3984474645797,332.90110566359044,,,,,
23,webhook_loss,durable_workflow,534,1.0,0,0,554.3999999999999,1038.202247191011,1.0374531835205993,79.15091304672933,245.89311712798235,341.51076207955566,,,,,
24,webhook_loss,durable_workflow,568,1.0,0,0,601.3999999999996,1058.8028169014078,1.0492957746478873,75.70389042172019,262.09548881442424,382.7182162553736,,,,,
25,webhook_loss,durable_workflow,535,1.0,0,0,560.1999999999998,1047.1028037383173,1.0467289719626167,80.60407294315326,258.2436587918396,349.28347542586516,,,,,
26,webhook_loss,durable_workflow,502,1.0,0,0,542.3999999999997,1080.4780876494017,1.047808764940239,84.24721850979032,276.23835278844103,390.9266259612766,,,,,
27,webhook_loss,durable_workflow,542,1.0,0,0,563.1999999999998,1039.1143911439112,1.033210332103321,80.1822714261491,247.80369017602493,361.66466726939143,,,,,
28,webhook_loss,durable_workflow,524,1.0,0,0,539.0,1028.6259541984732,1.0229007633587786,82.8118136693895,260.3312186916969,349.1713425005537,,,,,
29,webhook_loss,durable_workflow,535,1.0,0,0,554.9999999999999,1037.3831775700933,1.0317757009345794,79.41566408004019,274.00300978571136,360.804782311586,,,,,
30,webhook_loss,durable_workflow,512,1.0,0,0,550.9999999999998,1076.1718749999995,1.056640625,83.61579366692376,234.69378907744135,337.1323008122158,,,,,
1,demand_spike,naive_retry,720,1.0,0,3,801.1999999999985,1112.7777777777756,1.1694444444444445,78.35351951329949,195.66893212991044,296.9386630276124,398,1.0,79.24206957488036,199.60133671978656,338.1263669810244
2,demand_spike,naive_retry,752,1.0,0,4,837.7999999999977,1114.095744680848,1.2087765957446808,81.09824066307385,184.99683036886972,291.00372786346657,434,1.0,82.07531134016563,191.87961693914667,291.00372786346657
3,demand_spike,naive_retry,738,0.9986449864498645,0,4,829.399999999998,1125.3731343283555,1.2113821138211383,80.27352593041223,182.34259585643838,257.73775362917354,421,0.997624703087886,86.1829483860995,182.34259585643838,233.22331083553718
4,demand_spike,naive_retry,774,0.9974160206718347,0,4,883.5999999999976,1144.5595854922249,1.2545219638242895,81.73741095872879,198.78329973716632,322.9380380680657,451,0.9955654101995566,84.21443284057943,206.5449848723938,322.9380380680657
5,demand_spike,naive_retry,706,0.9985835694050992,0,2,789.5999999999982,1119.9999999999975,1.2053824362606231,82.30908762219224,190.26035540296516,261.9135688194465,422,0.9976303317535545,82.70125727253776,184.6575057650998,257.7272596854898
6,demand_spike,naive_retry,780,0.9987179487179487,0,2,886.9999999999977,1138.6392811296505,1.2487179487179487,82.52385098540253,186.95282564443824,253.7385042566275,460,0.9978260869565218,84.47531290952656,203.66889416288052,253.7385042566275
7,demand_spike,naive_retry,761,1.0,0,3,862.3999999999976,1133.2457293035447,1.2155059132720105,81.56204058275833,187.83503781960985,287.508201000232,432,1.0,81.68393415462174,200.8068103388564,304.82399597002143
8,demand_spike,naive_retry,748,1.0,0,1,830.7999999999981,1110.695187165773,1.1885026737967914,79.00586867272455,181.15122015954074,261.10799124218784,426,1.0,81.42541915670552,189.97487850804396,237.92594765817057
9,demand_spike,naive_retry,813,0.996309963099631,0,5,938.1999999999972,1158.2716049382682,1.2816728167281672,79.42415196544562,189.82772462613093,290.2097855124923,487,0.9938398357289527,83.33088919052943,189.83726597354826,327.5673509651806
10,demand_spike,naive_retry,765,0.9986928104575163,0,5,866.7999999999977,1134.5549738219866,1.219607843137255,81.33512361102362,185.59145239186273,291.1999955024363,425,0.9976470588235294,82.54978398650269,198.1801345030765,353.9507117741698
11,demand_spike,naive_retry,752,1.0,0,4,850.7999999999976,1131.382978723401,1.2433510638297873,80.09302725610382,185.9972658136744,290.43043647990396,444,1.0,82.96922065815534,183.91215395719018,299.18319383609605
12,demand_spike,naive_retry,732,1.0,0,4,822.399999999998,1123.4972677595604,1.1939890710382515,79.43711289163639,208.87472263980635,296.5364706182786,390,1.0,81.14095995356365,206.95437029750155,296.5364706182786
13,demand_spike,naive_retry,757,0.9986789960369881,0,2,850.7999999999979,1125.3968253968228,1.214002642007926,78.16855736456,200.43492588789832,294.2451613448825,426,0.9976525821596244,80.66144941779771,201.69584152868674,322.3736471387724
14,demand_spike,naive_retry,755,0.9986754966887417,0,4,855.1999999999979,1134.217506631297,1.2317880794701987,81.8795867026513,192.2959482216511,266.85620518211886,437,0.9977116704805492,85.59201066577793,197.0610135350239,282.1512241445014
15,demand_spike,naive_retry,796,0.9974874371859297,0,0,897.9999999999977,1130.9823677581837,1.2198492462311559,77.89727222668444,181.29976928802012,242.34641101466673,455,0.9978021978021978,79.3862612978013,181.29976928802012,258.08638712257175
16,demand_spike,naive_retry,775,0.9974193548387097,0,0,863.3999999999979,1116.9469598965045,1.2103225806451612,79.38069784862296,191.43917223376343,252.44511482981625,446,0.9955156950672646,80.26309564753547,188.3639047706481,252.44511482981625
17,demand_spike,naive_retry,716,0.9986033519553073,0,6,805.5999999999981,1126.713286713284,1.1927374301675977,78.15814278407515,196.3386201632377,269.9023913486792,403,0.9975186104218362,81.09215854811919,200.45920735878508,330.2686582956121
18,demand_spike,naive_retry,725,1.0,0,2,812.3999999999983,1120.5517241379287,1.2013793103448276,79.64724476159768,187.75959761850936,279.1055603730865,405,1.0,82.24733524501175,189.11322653195157,279.90943771901084
19,demand_spike,naive_retry,746,1.0,0,4,834.9999999999983,1119.30294906166,1.2024128686327078,77.42670224954327,194.41384054641276,273.4029311210181,406,1.0,81.38075458117896,204.2246502977639,275.02244061588976
20,demand_spike,naive_retry,719,1.0,0,1,792.3999999999983,1102.0862308762146,1.1752433936022253,80.34465210821486,183.2297051508831,245.18272264021198,400,1.0,80.44490399176311,194.3157130879922,245.93068806087945
21,demand_spike,naive_retry,768,0.9986979166666666,0,3,858.3999999999978,1119.1655801825264,1.1979166666666667,77.19969492401628,188.55796146725402,285.2497874809144,439,0.9977220956719818,80.28986766493904,193.69443979397215,285.2497874809144
22,demand_spike,naive_retry,767,1.0,0,4,855.3999999999978,1115.2542372881326,1.2020860495436767,79.78076685779774,179.9066843461237,265.44061122453104,441,1.0,79.26055078054628,176.36544059444896,265.44061122453104
23,demand_spike,naive_retry,760,0.9986842105263158,0,2,854.7999999999979,1126.2187088274018,1.2092105263157895,80.77566566468533,192.2181438581597,240.17927324672382,430,1.0,84.33983581443681,205.26723263218628,259.18648570656137
24,demand_spike,naive_retry,796,0.9974874371859297,0,3,897.3999999999974,1130.2267002518859,1.2236180904522613,79.08930554529366,182.0534562539458,267.14303822428315,454,0.9955947136563876,82.0636733902843,199.57484156675378,346.01692399661124
25,demand_spike,naive_retry,767,1.0,0,0,850.599999999998,1108.996088657103,1.1955671447196872,82.95574659319641,197.6327767410305,250.24857408310254,425,1.0,83.11973177714094,206.66294083752905,264.192765775872
26,demand_spike,naive_retry,699,1.0,0,5,783.3999999999983,1120.7439198855482,1.1874105865522175,80.57936442171933,198.2927248441174,277.0565568898885,392,1.0,80.99644982532914,193.12586156990255,277.0565568898885
27,demand_spike,naive_retry,755,0.9960264900662251,0,3,841.1999999999978,1118.6170212765926,1.2132450331125828,80.088666864463,177.99812916495875,274.4732724502394,438,0.9931506849315068,81.8446303187227,176.2556027127032,229.13902653259447
28,demand_spike,naive_retry,724,0.9986187845303868,0,4,807.9999999999981,1117.565698478559,1.2044198895027625,76.40965330331528,193.49724549295365,240.1940924070625,417,0.9976019184652278,78.84405173871824,194.87861803257306,240.1940924070625
29,demand_spike,naive_retry,739,0.9986468200270636,0,2,829.1999999999979,1123.5772357723547,1.2273342354533152,79.51578863457235,197.84047568963183,287.71925084004727,414,0.9975845410628019,82.6583984171541,208.1614996085044,281.27182439856665
30,demand_spike,naive_retry,734,1.0,0,2,835.9999999999977,1138.9645776566726,1.231607629427793,83.71534088927422,210.89513335613628,284.7166507808728,419,1.0,87.68534392442757,221.12964680583013,288.07645224367343
1,demand_spike,sync_gateway,720,0.9625,0,0,760.7999999999985,1097.8354978354955,1.1402777777777777,79.81923452837668,174.11486184425985,239.60680279384474,398,0.9522613065326633,79.81923452837668,175.33235976705987,239.60680279384474
2,demand_spike,sync_gateway,752,0.9680851063829787,0,0,810.399999999998,1113.1868131868105,1.190159574468085,82.15292800418638,177.69603245143708,252.90280334536692,434,0.9769585253456221,85.7417528799026,180.95852684756437,252.90280334536692
3,demand_spike,sync_gateway,738,0.975609756097561,0,0,789.9999999999982,1097.2222222222197,1.1747967479674797,76.34876399782252,174.06315160165582,223.2505590606129,421,0.9738717339667459,79.22729132255176,177.38908807854637,231.86014735406638
4,demand_spike,sync_gateway,774,0.9689922480620154,0,0,839.5999999999977,1119.4666666666637,1.2054263565891472,77.13446720978595,181.01308219829912,266.2302930150581,451,0.9689578713968958,80.13016894518842,175.79143467591825,241.75324160006448
5,demand_spike,sync_gateway,706,0.9745042492917847,0,0,762.9999999999983,1109.0116279069741,1.198300283286119,78.05219728084626,185.4358173365389,253.10266448179323,422,0.9786729857819905,76.98166797607405,181.0923502513665,268.00525667050033
6,demand_spike,sync_gateway,780,0.9705128205128205,0,0,844.9999999999982,1116.2483487450438,1.2,77.48116253216676,176.83888700887974,258.6598583491659,460,0.9695652173913043,77.81415342210596,180.78510519995234,263.98818895508884
7,demand_spike,sync_gateway,761,0.9697766097240473,0,0,823.599999999998,1115.989159891596,1.1944809461235217,78.11009229425167,190.6638816598229,310.7871427535067,432,0.9652777777777778,80.3700377654402,218.48090106265659,339.87504186596993
8,demand_spike,sync_gateway,748,0.9719251336898396,0,0,803.3999999999979,1105.0894085281952,1.1804812834224598,79.22833287812728,178.00962569527746,231.4688169392789,426,0.9741784037558685,80.99903393002478,178.00962569527746,222.33172433175696
9,demand_spike,sync_gateway,813,0.971709717097171,0,0,895.9999999999974,1134.1772151898701,1.2460024600246002,78.70363042739564,186.01186124814694,247.01944518866742,487,0.9671457905544147,82.56049254893446,186.86665442400295,233.67604011644585
10,demand_spike,sync_gateway,765,0.9751633986928104,0,0,821.7999999999981,1101.6085790884692,1.1816993464052288,79.34538750497018,174.48023952116932,254.77499700828912,425,0.971764705882353,81.91314625039831,185.60299182585618,254.77499700828912
11,demand_spike,sync_gateway,752,0.9707446808510638,0,0,811.3999999999978,1111.5068493150654,1.1954787234042554,78.22417588665371,175.40308334757947,255.3782293946283,444,0.9819819819819819,81.11107488764515,186.34357148713093,275.80942310704563
12,demand_spike,sync_gateway,732,0.9672131147540983,0,0,773.1999999999986,1092.0903954802238,1.139344262295082,78.24110113265942,165.80112783253162,240.23135643068463,390,0.9769230769230769,78.26758197654203,168.03176348428428,290.74218610761045
13,demand_spike,sync_gateway,757,0.9801849405548216,0,0,808.5999999999987,1089.75741239892,1.1638044914134742,75.74826224504295,186.928579195373,251.53507618541198,426,0.9788732394366197,78.79922569728205,189.80846394898185,257.2186772395289
14,demand_spike,sync_gateway,755,0.9721854304635762,0,0,819.7999999999981,1116.8937329700248,1.2066225165562914,80.53390858763169,190.918218210923,266.85620518211863,437,0.9702517162471396,83.3555590524254,193.99336451577233,263.0645639001168
15,demand_spike,sync_gateway,796,0.964824120603015,0,0,857.3999999999978,1116.4062499999973,1.1896984924623115,78.90991896524233,176.90068130266923,248.25098903316643,455,0.9582417582417583,80.81162018324744,180.50891111772057,256.0367466672519
16,demand_spike,sync_gateway,775,0.9754838709677419,0,0,829.7999999999979,1097.6190476190447,1.175483870967742,76.61440959920265,172.01883908679747,222.88046823306013,446,0.9753363228699552,76.61440959920265,167.2318622057694,220.7996617014229
17,demand_spike,sync_gateway,716,0.9664804469273743,0,0,761.5999999999984,1100.5780346820786,1.1578212290502794,77.20450569305467,181.96224796063302,245.57769230056147,403,0.9727047146401985,78.01250669869955,187.56352444134768,231.07680193630176
18,demand_spike,sync_gateway,725,0.976551724137931,0,0,768.5999999999988,1085.5932203389814,1.150344827586207,75.67853879291397,180.7117499992696,254.68560853647136,405,0.9876543209876543,79.37753663245076,186.96154346584626,254.6430716953612
19,demand_spike,sync_gateway,746,0.9745308310991957,0,0,799.7999999999984,1100.137551581841,1.175603217158177,77.90979593853649,169.37520197648655,220.3502159631168,406,0.9704433497536946,84.10034900521828,179.76939618909535,259.6431917982386
20,demand_spike,sync_gateway,719,0.9707927677329624,0,0,764.7999999999987,1095.7020057306572,1.157162726008345,82.14168405424698,183.2297051508831,254.60729876193136,400,0.98,85.64657758772591,176.27693608027062,254.60729876193136
21,demand_spike,sync_gateway,768,0.9752604166666666,0,0,823.999999999998,1100.1335113484618,1.1809895833333333,80.85416206184891,165.33153497458306,222.73926481064973,439,0.9817767653758542,81.442025109513,169.8728363671953,228.12219411500678
22,demand_spike,sync_gateway,767,0.970013037809648,0,0,824.1999999999979,1107.7956989247284,1.1864406779661016,80.70406568194039,173.74588427713093,227.02304077488827,441,0.9682539682539683,81.74721880433458,173.74588427713093,265.44061122453104
23,demand_spike,sync_gateway,760,0.9802631578947368,0,0,811.5999999999981,1089.3959731543598,1.1697368421052632,76.38553361323966,172.08283188184214,218.63315793878655,430,0.9744186046511628,79.88593824219492,182.36482241221643,252.59500042066793
24,demand_spike,sync_gateway,796,0.9660804020100503,0,0,860.9999999999976,1119.635890767227,1.199748743718593,76.93271337688645,175.1755358984201,262.7576312780492,454,0.9713656387665198,81.69595379654243,180.9506034575461,273.136081496981
25,demand_spike,sync_gateway,767,0.9739243807040417,0,0,817.9999999999984,1095.0468540829966,1.1629726205997393,76.96809989816575,178.58392682081285,234.07155504348157,425,0.9647058823529412,78.55424765819043,185.22775782681833,237.15933208923684
26,demand_spike,sync_gateway,699,0.9585121602288984,0,0,744.5999999999984,1111.3432835820872,1.1630901287553648,79.33073312750253,183.14250644949743,243.88686751274645,392,0.9591836734693877,83.03682732224934,175.4447892819337,255.23888320935066
27,demand_spike,sync_gateway,755,0.9708609271523179,0,0,810.5999999999981,1105.866302864936,1.181456953642384,76.56495362699184,179.78198328843246,245.96762781676034,438,0.9748858447488584,77.50720754516806,180.38310296189525,260.13845592705616
28,demand_spike,sync_gateway,724,0.9709944751381215,0,0,775.9999999999984,1103.840682788049,1.1740331491712708,78.11674187577478,170.77909121155744,238.14576237101596,417,0.9760191846522782,81.41101044956758,181.45988394128904,238.3762012366842
29,demand_spike,sync_gateway,739,0.9810554803788903,0,0,794.7999999999982,1096.275862068963,1.182679296346414,79.56599417766688,182.1622328811045,274.04982418562554,414,0.9806763285024155,82.09643488842539,190.55403788497597,243.60512685370782
30,demand_spike,sync_gateway,734,0.9713896457765667,0,0,780.7999999999985,1095.0911640953695,1.1580381471389645,76.90370053167953,178.01035053603846,229.10489510777097,419,0.9713603818615751,78.22312629765929,185.7771666985211,262.0677555832351
1,demand_spike,durable_workflow,720,1.0,0,0,822.9999999999978,1143.0555555555527,1.0569444444444445,78.29987186380686,196.72721695403925,281.41006464309135,398,1.0,78.559397740019,218.37552674599578,309.2541719710557
2,demand_spike,durable_workflow,752,1.0,0,0,887.5999999999977,1180.3191489361673,1.0890957446808511,83.26375792693807,199.53002253739464,332.712285116776,434,1.0,87.7579338925018,216.72592092517039,298.06682417142133
3,demand_spike,durable_workflow,738,1.0,0,0,850.9999999999974,1153.1165311653083,1.0691056910569106,76.85844083032725,190.28082421927434,257.73775362917354,421,1.0,79.48934660302757,191.94955221805753,247.25567857721205
4,demand_spike,durable_workflow,774,1.0,0,0,900.9999999999974,1164.0826873384979,1.0710594315245479,80.51791541550665,202.3009199621988,300.78579172211903,451,1.0,83.03898846029847,213.0131435272251,311.66453426001385
5,demand_spike,durable_workflow,706,1.0,0,0,866.4,1227.1954674220963,3.5679886685552407,106.72383109022235,310.08444385870234,400.9702364591976,422,1.0,140.93022226412722,329.58555247280606,416.90264052855514
6,demand_spike,durable_workflow,780,1.0,0,0,925.5999999999971,1186.6666666666629,1.0935897435897435,84.37360550127096,201.48026492183953,307.63869020688867,460,1.0,88.46581578171254,222.93316609886347,345.206907697785
7,demand_spike,durable_workflow,761,1.0,0,0,869.7999999999976,1142.9697766097208,1.0578186596583443,80.72392525898067,190.55084942857616,282.98303232078456,432,1.0,80.66082732816915,208.61815988625722,282.98303232078456
8,demand_spike,durable_workflow,748,1.0,0,0,853.3999999999976,1140.9090909090878,1.0494652406417113,79.01527499232657,181.84436239793422,262.73842062790925,426,1.0,80.30852556885452,189.97487850804396,241.84325977468666
9,demand_spike,durable_workflow,813,1.0,0,0,974.5999999999971,1198.7699876998734,1.138991389913899,82.69727906651633,205.4588945127316,312.0003857987772,487,1.0,86.83924593679762,220.0628893069172,326.0666895963857
10,demand_spike,durable_workflow,765,1.0,0,0,890.9999999999976,1164.7058823529383,1.0666666666666667,80.04438559109391,204.1299546219734,290.04634142465375,425,1.0,84.17190645386302,228.75920782574144,327.4503752834481
11,demand_spike,durable_workflow,752,1.0,0,0,874.9999999999976,1163.5638297872308,1.059840425531915,80.12686350318063,190.93658068682106,295.49542691466877,444,1.0,83.0367064539123,179.50686488052224,280.9275721667249
12,demand_spike,durable_workflow,732,1.0,0,0,844.1999999999979,1153.2786885245873,1.064207650273224,82.0420907330224,196.8670915563008,328.16562481090637,390,1.0,82.00271144842475,187.57432147417694,354.5375901047116
13,demand_spike,durable_workflow,757,1.0,0,0,850.9999999999975,1124.1743725231145,1.0435931307793924,74.7218847893173,184.84727962482123,264.89179290666164,426,1.0,76.9507569442826,181.9477769651337,288.2897514045096
14,demand_spike,durable_workflow,755,1.0,0,0,883.5999999999975,1170.3311258278113,1.0715231788079471,83.70366413307079,213.69185215762684,314.21331063788466,437,1.0,87.50685219950446,240.95934991419017,314.21331063788466
15,demand_spike,durable_workflow,796,1.0,0,0,922.3999999999972,1158.7939698492428,1.0628140703517588,77.88848327192818,195.74090943547594,278.0732889881332,455,1.0,82.39857996981937,195.74090943547594,278.0732889881332
16,demand_spike,durable_workflow,775,1.0,0,0,899.7999999999973,1161.0322580645127,1.064516129032258,81.82293102840822,187.56997768298015,251.91422861876788,446,1.0,81.85246833262363,179.08612383881882,288.001545192335
17,demand_spike,durable_workflow,716,1.0,0,0,815.9999999999977,1139.6648044692706,1.0642458100558658,80.16218961980144,191.675886014507,268.5345285910213,403,1.0,83.70606705120531,201.0572179757139,251.6867339477859
18,demand_spike,durable_workflow,725,1.0,0,0,832.1999999999978,1147.862068965514,1.0662068965517242,82.67448288433252,200.97042794192885,279.1055603730865,405,1.0,85.47322761632404,201.86299550333752,289.72934055892574
19,demand_spike,durable_workflow,746,1.0,0,0,846.199999999998,1134.3163538873969,1.052278820375335,78.55015209535622,190.75599136635515,265.7637224220048,406,1.0,81.47326755671475,192.00461366637523,274.8224406158897
20,demand_spike,durable_workflow,719,1.0,0,0,819.5999999999979,1139.9165507649482,1.0653685674547984,82.73910274940545,201.06244553977695,289.2190915509798,400,1.0,85.77397199216102,207.10885133139413,303.38765049050835
21,demand_spike,durable_workflow,768,1.0,0,0,888.7999999999975,1157.2916666666633,1.0651041666666667,80.27342090549837,191.63273010685066,249.97642127296945,439,1.0,84.1633819351805,192.59070610626213,313.63188521201664
22,demand_spike,durable_workflow,767,1.0,0,0,880.1999999999971,1147.5880052151201,1.0547588005215125,82.65800074616777,184.64312327436528,283.0979066671912,441,1.0,82.73772216069187,189.4405312214294,283.0979066671912
23,demand_spike,durable_workflow,760,1.0,0,0,882.7999999999975,1161.5789473684176,1.0657894736842106,79.47929625146617,207.396124518202,295.43604479014994,430,1.0,81.73124560376095,227.53470272655932,322.31626779525254
24,demand_spike,durable_workflow,796,1.0,0,1,929.9999999999975,1168.3417085427104,1.07035175879397,80.74185438104246,194.72696672518668,285.56580964462455,454,1.0,83.8378857215182,207.33113649403776,287.1904971079598
25,demand_spike,durable_workflow,767,1.0,0,0,882.7999999999978,1150.9778357235955,1.0691003911342893,81.09806108580392,198.58114046787023,263.54540225673145,425,1.0,84.94190099906473,215.10170740497597,280.104176548092
26,demand_spike,durable_workflow,699,1.0,0,0,815.5999999999977,1166.8097281831156,1.067238912732475,80.82198057009919,196.91896775941518,285.05753755038086,392,1.0,83.78994221814719,194.95763860846296,296.8694566352125
27,demand_spike,durable_workflow,755,1.0,0,1,889.5999999999976,1178.278145695361,1.0821192052980133,82.43570207436142,199.836957639483,306.84212566480574,438,1.0,86.13617845396027,214.97299081464757,333.7171482209867
28,demand_spike,durable_workflow,724,0.9986187845303868,0,0,846.9999999999974,1171.5076071922508,1.078729281767956,80.60155892571447,193.70805442912365,285.5736265155342,417,0.9976019184652278,85.80285356941863,205.3372898664295,285.5736265155342
29,demand_spike,durable_workflow,739,1.0,0,0,855.5999999999977,1157.7807848443813,1.0595399188092016,80.0488324002913,211.94742776502903,293.58715881266335,414,1.0,83.88968975614034,221.78070410683142,305.46252134493557
30,demand_spike,durable_workflow,734,1.0,0,0,844.3999999999977,1150.408719346046,1.0667574931880108,80.2716794136245,202.09855833594315,271.0410648970674,419,1.0,83.29488969526835,211.90093812130226,278.07016229228043
